"method","fdp","power","n","A","rep","scenario"
"Oracle",0.2,1,500,0.5,1,"Non-informative"
"Oracle",0.05,0.95,500,0.5,2,"Non-informative"
"Oracle",0,0.55,500,0.5,3,"Non-informative"
"Oracle",0.0909090909090909,1,500,0.5,4,"Non-informative"
"Oracle",0,0,500,0.5,5,"Non-informative"
"Oracle",0.0952380952380952,0.95,500,0.5,6,"Non-informative"
"Oracle",0.05,0.95,500,0.5,7,"Non-informative"
"Oracle",0,0.5,500,0.5,8,"Non-informative"
"Oracle",0,1,500,0.5,9,"Non-informative"
"Oracle",0.0476190476190476,1,500,0.5,10,"Non-informative"
"Oracle",0.130434782608696,1,500,0.5,11,"Non-informative"
"Oracle",0.130434782608696,1,500,0.5,12,"Non-informative"
"Oracle",0,1,500,0.5,13,"Non-informative"
"Oracle",0,0,500,0.5,14,"Non-informative"
"Oracle",0,0.95,500,0.5,15,"Non-informative"
"Oracle",0,0,500,0.5,16,"Non-informative"
"Oracle",0,0,500,0.5,17,"Non-informative"
"Oracle",0.05,0.95,500,0.5,18,"Non-informative"
"Oracle",0.05,0.95,500,0.5,19,"Non-informative"
"Oracle",0,1,500,0.5,20,"Non-informative"
"Oracle",0.130434782608696,1,500,0.5,21,"Non-informative"
"Oracle",0,0.5,500,0.5,22,"Non-informative"
"Oracle",0.354838709677419,1,500,0.5,23,"Non-informative"
"Oracle",0.0909090909090909,1,500,0.5,24,"Non-informative"
"Oracle",0,1,500,0.5,25,"Non-informative"
"Oracle",0,0,500,0.5,26,"Non-informative"
"Oracle",0,0.95,500,0.5,27,"Non-informative"
"Oracle",0,1,500,0.5,28,"Non-informative"
"Oracle",0,0.55,500,0.5,29,"Non-informative"
"Oracle",0.130434782608696,1,500,0.5,30,"Non-informative"
"Oracle",0.0909090909090909,1,500,0.5,31,"Non-informative"
"Oracle",0.2,1,500,0.5,32,"Non-informative"
"Oracle",0.166666666666667,1,500,0.5,33,"Non-informative"
"Oracle",0,1,500,0.5,34,"Non-informative"
"Oracle",0.0952380952380952,0.95,500,0.5,35,"Non-informative"
"Oracle",0.2,1,500,0.5,36,"Non-informative"
"Oracle",0,0.65,500,0.5,37,"Non-informative"
"Oracle",0.0476190476190476,1,500,0.5,38,"Non-informative"
"Oracle",0.05,0.95,500,0.5,39,"Non-informative"
"Oracle",0.0952380952380952,0.95,500,0.5,40,"Non-informative"
"Oracle",0,0.6,500,0.5,41,"Non-informative"
"Oracle",0,1,500,0.5,42,"Non-informative"
"Oracle",0.0476190476190476,1,500,0.5,43,"Non-informative"
"Oracle",0,1,500,0.5,44,"Non-informative"
"Oracle",0.0952380952380952,0.95,500,0.5,45,"Non-informative"
"Oracle",0.0909090909090909,1,500,1,1,"Non-informative"
"Oracle",0.130434782608696,1,500,1,2,"Non-informative"
"Oracle",0,0.55,500,1,3,"Non-informative"
"Oracle",0.0909090909090909,1,500,1,4,"Non-informative"
"Oracle",0.130434782608696,1,500,1,5,"Non-informative"
"Oracle",0.259259259259259,1,500,1,6,"Non-informative"
"Oracle",0.0476190476190476,1,500,1,7,"Non-informative"
"Oracle",0,0,500,1,8,"Non-informative"
"Oracle",0,0,500,1,9,"Non-informative"
"Oracle",0,1,500,1,10,"Non-informative"
"Oracle",0,1,500,1,11,"Non-informative"
"Oracle",0,0,500,1,12,"Non-informative"
"Oracle",0,0.7,500,1,13,"Non-informative"
"Oracle",0.0476190476190476,1,500,1,14,"Non-informative"
"Oracle",0.0952380952380952,0.95,500,1,15,"Non-informative"
"Oracle",0,0.9,500,1,16,"Non-informative"
"Oracle",0,1,500,1,17,"Non-informative"
"Oracle",0,1,500,1,18,"Non-informative"
"Oracle",0.208333333333333,0.95,500,1,19,"Non-informative"
"Oracle",0,0,500,1,20,"Non-informative"
"Oracle",0.0909090909090909,1,500,1,21,"Non-informative"
"Oracle",0,1,500,1,22,"Non-informative"
"Oracle",0,0,500,1,23,"Non-informative"
"Oracle",0,0.5,500,1,24,"Non-informative"
"Oracle",0.166666666666667,1,500,1,25,"Non-informative"
"Oracle",0.0476190476190476,1,500,1,26,"Non-informative"
"Oracle",0,0,500,1,27,"Non-informative"
"Oracle",0.130434782608696,1,500,1,28,"Non-informative"
"Oracle",0,0.7,500,1,29,"Non-informative"
"Oracle",0.0476190476190476,1,500,1,30,"Non-informative"
"Oracle",0.285714285714286,1,500,1,31,"Non-informative"
"Oracle",0.05,0.95,500,1,32,"Non-informative"
"Oracle",0.0909090909090909,1,500,1,33,"Non-informative"
"Oracle",0.05,0.95,500,1,34,"Non-informative"
"Oracle",0.0476190476190476,1,500,1,35,"Non-informative"
"Oracle",0,1,500,1,36,"Non-informative"
"Oracle",0.2,1,500,1,37,"Non-informative"
"Oracle",0.130434782608696,1,500,1,38,"Non-informative"
"Oracle",0,1,500,1,39,"Non-informative"
"Oracle",0,0.9,500,1,40,"Non-informative"
"Oracle",0.130434782608696,1,500,1,41,"Non-informative"
"Oracle",0,1,500,1,42,"Non-informative"
"Oracle",0.0476190476190476,1,500,1,43,"Non-informative"
"Oracle",0,1,500,1,44,"Non-informative"
"Oracle",0.05,0.95,500,1,45,"Non-informative"
"Oracle",0.2,1,500,1.5,1,"Non-informative"
"Oracle",0,1,500,1.5,2,"Non-informative"
"Oracle",0.0909090909090909,1,500,1.5,3,"Non-informative"
"Oracle",0,0,500,1.5,4,"Non-informative"
"Oracle",0.05,0.95,500,1.5,5,"Non-informative"
"Oracle",0,0,500,1.5,6,"Non-informative"
"Oracle",0,1,500,1.5,7,"Non-informative"
"Oracle",0.130434782608696,1,500,1.5,8,"Non-informative"
"Oracle",0.2,1,500,1.5,9,"Non-informative"
"Oracle",0.0909090909090909,1,500,1.5,10,"Non-informative"
"Oracle",0.136363636363636,0.95,500,1.5,11,"Non-informative"
"Oracle",0.05,0.95,500,1.5,12,"Non-informative"
"Oracle",0,0,500,1.5,13,"Non-informative"
"Oracle",0.0909090909090909,1,500,1.5,14,"Non-informative"
"Oracle",0.05,0.95,500,1.5,15,"Non-informative"
"Oracle",0,0,500,1.5,16,"Non-informative"
"Oracle",0.0952380952380952,0.95,500,1.5,17,"Non-informative"
"Oracle",0,0.55,500,1.5,18,"Non-informative"
"Oracle",0.136363636363636,0.95,500,1.5,19,"Non-informative"
"Oracle",0.2,1,500,1.5,20,"Non-informative"
"Oracle",0.136363636363636,0.95,500,1.5,21,"Non-informative"
"Oracle",0.2,1,500,1.5,22,"Non-informative"
"Oracle",0.333333333333333,1,500,1.5,23,"Non-informative"
"Oracle",0.2,1,500,1.5,24,"Non-informative"
"Oracle",0.166666666666667,1,500,1.5,25,"Non-informative"
"Oracle",0,0.55,500,1.5,26,"Non-informative"
"Oracle",0,0,500,1.5,27,"Non-informative"
"Oracle",0.130434782608696,1,500,1.5,28,"Non-informative"
"Oracle",0.05,0.95,500,1.5,29,"Non-informative"
"Oracle",0.208333333333333,0.95,500,1.5,30,"Non-informative"
"Oracle",0.0909090909090909,1,500,1.5,31,"Non-informative"
"Oracle",0.0476190476190476,1,500,1.5,32,"Non-informative"
"Oracle",0.166666666666667,1,500,1.5,33,"Non-informative"
"Oracle",0.0909090909090909,1,500,1.5,34,"Non-informative"
"Oracle",0.130434782608696,1,500,1.5,35,"Non-informative"
"Oracle",0.130434782608696,1,500,1.5,36,"Non-informative"
"Oracle",0.0909090909090909,1,500,1.5,37,"Non-informative"
"Oracle",0,0.9,500,1.5,38,"Non-informative"
"Oracle",0.0476190476190476,1,500,1.5,39,"Non-informative"
"Oracle",0,0.5,500,1.5,40,"Non-informative"
"Oracle",0.05,0.95,500,1.5,41,"Non-informative"
"Oracle",0.0476190476190476,1,500,1.5,42,"Non-informative"
"Oracle",0.05,0.95,500,1.5,43,"Non-informative"
"Oracle",0.0476190476190476,1,500,1.5,44,"Non-informative"
"Oracle",0.0476190476190476,1,500,1.5,45,"Non-informative"
"Oracle",0.130434782608696,1,500,2,1,"Non-informative"
"Oracle",0.05,0.95,500,2,2,"Non-informative"
"Oracle",0.0952380952380952,0.95,500,2,3,"Non-informative"
"Oracle",0.05,0.95,500,2,4,"Non-informative"
"Oracle",0,0,500,2,5,"Non-informative"
"Oracle",0.0476190476190476,1,500,2,6,"Non-informative"
"Oracle",0.2,1,500,2,7,"Non-informative"
"Oracle",0.130434782608696,1,500,2,8,"Non-informative"
"Oracle",0.130434782608696,1,500,2,9,"Non-informative"
"Oracle",0.166666666666667,1,500,2,10,"Non-informative"
"Oracle",0,1,500,2,11,"Non-informative"
"Oracle",0.259259259259259,1,500,2,12,"Non-informative"
"Oracle",0.0476190476190476,1,500,2,13,"Non-informative"
"Oracle",0.0476190476190476,1,500,2,14,"Non-informative"
"Oracle",0,0,500,2,15,"Non-informative"
"Oracle",0,0,500,2,16,"Non-informative"
"Oracle",0,0.9,500,2,17,"Non-informative"
"Oracle",0.0909090909090909,1,500,2,18,"Non-informative"
"Oracle",0.05,0.95,500,2,19,"Non-informative"
"Oracle",0,1,500,2,20,"Non-informative"
"Oracle",0.0476190476190476,1,500,2,21,"Non-informative"
"Oracle",0,1,500,2,22,"Non-informative"
"Oracle",0.0476190476190476,1,500,2,23,"Non-informative"
"Oracle",0,1,500,2,24,"Non-informative"
"Oracle",0,0.75,500,2,25,"Non-informative"
"Oracle",0.0909090909090909,1,500,2,26,"Non-informative"
"Oracle",0.0476190476190476,1,500,2,27,"Non-informative"
"Oracle",0,0,500,2,28,"Non-informative"
"Oracle",0.0476190476190476,1,500,2,29,"Non-informative"
"Oracle",0,0.7,500,2,30,"Non-informative"
"Oracle",0,1,500,2,31,"Non-informative"
"Oracle",0.230769230769231,1,500,2,32,"Non-informative"
"Oracle",0,0,500,2,33,"Non-informative"
"Oracle",0,0.65,500,2,34,"Non-informative"
"Oracle",0.05,0.95,500,2,35,"Non-informative"
"Oracle",0.173913043478261,0.95,500,2,36,"Non-informative"
"Oracle",0.411764705882353,1,500,2,37,"Non-informative"
"Oracle",0.2,1,500,2,38,"Non-informative"
"Oracle",0.166666666666667,1,500,2,39,"Non-informative"
"Oracle",0,0,500,2,40,"Non-informative"
"Oracle",0.166666666666667,1,500,2,41,"Non-informative"
"Oracle",0,1,500,2,42,"Non-informative"
"Oracle",0,1,500,2,43,"Non-informative"
"Oracle",0.0476190476190476,1,500,2,44,"Non-informative"
"Oracle",0,0,500,2,45,"Non-informative"
"Oracle",0.130434782608696,1,500,2.5,1,"Non-informative"
"Oracle",0.0909090909090909,1,500,2.5,2,"Non-informative"
"Oracle",0.136363636363636,0.95,500,2.5,3,"Non-informative"
"Oracle",0.130434782608696,1,500,2.5,4,"Non-informative"
"Oracle",0.0952380952380952,0.95,500,2.5,5,"Non-informative"
"Oracle",0.166666666666667,1,500,2.5,6,"Non-informative"
"Oracle",0.0909090909090909,1,500,2.5,7,"Non-informative"
"Oracle",0,1,500,2.5,8,"Non-informative"
"Oracle",0.166666666666667,1,500,2.5,9,"Non-informative"
"Oracle",0,1,500,2.5,10,"Non-informative"
"Oracle",0.130434782608696,1,500,2.5,11,"Non-informative"
"Oracle",0.0952380952380952,0.95,500,2.5,12,"Non-informative"
"Oracle",0.0476190476190476,1,500,2.5,13,"Non-informative"
"Oracle",0.130434782608696,1,500,2.5,14,"Non-informative"
"Oracle",0.166666666666667,1,500,2.5,15,"Non-informative"
"Oracle",0,1,500,2.5,16,"Non-informative"
"Oracle",0.0476190476190476,1,500,2.5,17,"Non-informative"
"Oracle",0.0952380952380952,0.95,500,2.5,18,"Non-informative"
"Oracle",0.310344827586207,1,500,2.5,19,"Non-informative"
"Oracle",0,0.5,500,2.5,20,"Non-informative"
"Oracle",0,0.6,500,2.5,21,"Non-informative"
"Oracle",0.136363636363636,0.95,500,2.5,22,"Non-informative"
"Oracle",0.230769230769231,1,500,2.5,23,"Non-informative"
"Oracle",0.0476190476190476,1,500,2.5,24,"Non-informative"
"Oracle",0,1,500,2.5,25,"Non-informative"
"Oracle",0,0.7,500,2.5,26,"Non-informative"
"Oracle",0,0.9,500,2.5,27,"Non-informative"
"Oracle",0,0,500,2.5,28,"Non-informative"
"Oracle",0,1,500,2.5,29,"Non-informative"
"Oracle",0.05,0.95,500,2.5,30,"Non-informative"
"Oracle",0.0476190476190476,1,500,2.5,31,"Non-informative"
"Oracle",0.0476190476190476,1,500,2.5,32,"Non-informative"
"Oracle",0,1,500,2.5,33,"Non-informative"
"Oracle",0,0.55,500,2.5,34,"Non-informative"
"Oracle",0,1,500,2.5,35,"Non-informative"
"Oracle",0.0909090909090909,1,500,2.5,36,"Non-informative"
"Oracle",0.166666666666667,1,500,2.5,37,"Non-informative"
"Oracle",0,0.5,500,2.5,38,"Non-informative"
"Oracle",0.0476190476190476,1,500,2.5,39,"Non-informative"
"Oracle",0,1,500,2.5,40,"Non-informative"
"Oracle",0,1,500,2.5,41,"Non-informative"
"Oracle",0,0,500,2.5,42,"Non-informative"
"Oracle",0.0476190476190476,1,500,2.5,43,"Non-informative"
"Oracle",0.0476190476190476,1,500,2.5,44,"Non-informative"
"Oracle",0.05,0.95,500,2.5,45,"Non-informative"
"Oracle",0,0.7,500,3,1,"Non-informative"
"Oracle",0.0476190476190476,1,500,3,2,"Non-informative"
"Oracle",0.0952380952380952,0.95,500,3,3,"Non-informative"
"Oracle",0,0.85,500,3,4,"Non-informative"
"Oracle",0.0476190476190476,1,500,3,5,"Non-informative"
"Oracle",0.0476190476190476,1,500,3,6,"Non-informative"
"Oracle",0,1,500,3,7,"Non-informative"
"Oracle",0.208333333333333,0.95,500,3,8,"Non-informative"
"Oracle",0.0909090909090909,1,500,3,9,"Non-informative"
"Oracle",0.0909090909090909,1,500,3,10,"Non-informative"
"Oracle",0,1,500,3,11,"Non-informative"
"Oracle",0.05,0.95,500,3,12,"Non-informative"
"Oracle",0,0.95,500,3,13,"Non-informative"
"Oracle",0.130434782608696,1,500,3,14,"Non-informative"
"Oracle",0,0.95,500,3,15,"Non-informative"
"Oracle",0,0,500,3,16,"Non-informative"
"Oracle",0.0476190476190476,1,500,3,17,"Non-informative"
"Oracle",0.130434782608696,1,500,3,18,"Non-informative"
"Oracle",0.0476190476190476,1,500,3,19,"Non-informative"
"Oracle",0,0.8,500,3,20,"Non-informative"
"Oracle",0.0476190476190476,1,500,3,21,"Non-informative"
"Oracle",0.0476190476190476,1,500,3,22,"Non-informative"
"Oracle",0.0476190476190476,1,500,3,23,"Non-informative"
"Oracle",0.0952380952380952,0.95,500,3,24,"Non-informative"
"Oracle",0.05,0.95,500,3,25,"Non-informative"
"Oracle",0,0.95,500,3,26,"Non-informative"
"Oracle",0,1,500,3,27,"Non-informative"
"Oracle",0.130434782608696,1,500,3,28,"Non-informative"
"Oracle",0,1,500,3,29,"Non-informative"
"Oracle",0.166666666666667,1,500,3,30,"Non-informative"
"Oracle",0,0,500,3,31,"Non-informative"
"Oracle",0.0909090909090909,1,500,3,32,"Non-informative"
"Oracle",0.0476190476190476,1,500,3,33,"Non-informative"
"Oracle",0.05,0.95,500,3,34,"Non-informative"
"Oracle",0.0476190476190476,1,500,3,35,"Non-informative"
"Oracle",0.05,0.95,500,3,36,"Non-informative"
"Oracle",0.0476190476190476,1,500,3,37,"Non-informative"
"Oracle",0,0.95,500,3,38,"Non-informative"
"Oracle",0.2,1,500,3,39,"Non-informative"
"Oracle",0,1,500,3,40,"Non-informative"
"Oracle",0,1,500,3,41,"Non-informative"
"Oracle",0,0,500,3,42,"Non-informative"
"Oracle",0,0.65,500,3,43,"Non-informative"
"Oracle",0,0,500,3,44,"Non-informative"
"Oracle",0,1,500,3,45,"Non-informative"
"Oracle",0.2,1,500,0.5,1,"MNAR(e), g1=3"
"Oracle",0.05,0.95,500,0.5,2,"MNAR(e), g1=3"
"Oracle",0,0.55,500,0.5,3,"MNAR(e), g1=3"
"Oracle",0.0909090909090909,1,500,0.5,4,"MNAR(e), g1=3"
"Oracle",0,0,500,0.5,5,"MNAR(e), g1=3"
"Oracle",0.0952380952380952,0.95,500,0.5,6,"MNAR(e), g1=3"
"Oracle",0.05,0.95,500,0.5,7,"MNAR(e), g1=3"
"Oracle",0,0.5,500,0.5,8,"MNAR(e), g1=3"
"Oracle",0,1,500,0.5,9,"MNAR(e), g1=3"
"Oracle",0.0476190476190476,1,500,0.5,10,"MNAR(e), g1=3"
"Oracle",0.130434782608696,1,500,0.5,11,"MNAR(e), g1=3"
"Oracle",0.130434782608696,1,500,0.5,12,"MNAR(e), g1=3"
"Oracle",0,1,500,0.5,13,"MNAR(e), g1=3"
"Oracle",0,0,500,0.5,14,"MNAR(e), g1=3"
"Oracle",0,0.95,500,0.5,15,"MNAR(e), g1=3"
"Oracle",0,0,500,0.5,16,"MNAR(e), g1=3"
"Oracle",0,0,500,0.5,17,"MNAR(e), g1=3"
"Oracle",0.05,0.95,500,0.5,18,"MNAR(e), g1=3"
"Oracle",0.05,0.95,500,0.5,19,"MNAR(e), g1=3"
"Oracle",0,1,500,0.5,20,"MNAR(e), g1=3"
"Oracle",0.130434782608696,1,500,0.5,21,"MNAR(e), g1=3"
"Oracle",0,0.5,500,0.5,22,"MNAR(e), g1=3"
"Oracle",0.354838709677419,1,500,0.5,23,"MNAR(e), g1=3"
"Oracle",0.0909090909090909,1,500,0.5,24,"MNAR(e), g1=3"
"Oracle",0,1,500,0.5,25,"MNAR(e), g1=3"
"Oracle",0,0,500,0.5,26,"MNAR(e), g1=3"
"Oracle",0,0.95,500,0.5,27,"MNAR(e), g1=3"
"Oracle",0,1,500,0.5,28,"MNAR(e), g1=3"
"Oracle",0,0.55,500,0.5,29,"MNAR(e), g1=3"
"Oracle",0.130434782608696,1,500,0.5,30,"MNAR(e), g1=3"
"Oracle",0.0909090909090909,1,500,0.5,31,"MNAR(e), g1=3"
"Oracle",0.2,1,500,0.5,32,"MNAR(e), g1=3"
"Oracle",0.166666666666667,1,500,0.5,33,"MNAR(e), g1=3"
"Oracle",0,1,500,0.5,34,"MNAR(e), g1=3"
"Oracle",0.0952380952380952,0.95,500,0.5,35,"MNAR(e), g1=3"
"Oracle",0.2,1,500,0.5,36,"MNAR(e), g1=3"
"Oracle",0,0.65,500,0.5,37,"MNAR(e), g1=3"
"Oracle",0.0476190476190476,1,500,0.5,38,"MNAR(e), g1=3"
"Oracle",0.05,0.95,500,0.5,39,"MNAR(e), g1=3"
"Oracle",0.0952380952380952,0.95,500,0.5,40,"MNAR(e), g1=3"
"Oracle",0,0.6,500,0.5,41,"MNAR(e), g1=3"
"Oracle",0,1,500,0.5,42,"MNAR(e), g1=3"
"Oracle",0.0476190476190476,1,500,0.5,43,"MNAR(e), g1=3"
"Oracle",0,1,500,0.5,44,"MNAR(e), g1=3"
"Oracle",0.0952380952380952,0.95,500,0.5,45,"MNAR(e), g1=3"
"Oracle",0.0909090909090909,1,500,1,1,"MNAR(e), g1=3"
"Oracle",0.130434782608696,1,500,1,2,"MNAR(e), g1=3"
"Oracle",0,0.55,500,1,3,"MNAR(e), g1=3"
"Oracle",0.0909090909090909,1,500,1,4,"MNAR(e), g1=3"
"Oracle",0.130434782608696,1,500,1,5,"MNAR(e), g1=3"
"Oracle",0.259259259259259,1,500,1,6,"MNAR(e), g1=3"
"Oracle",0.0476190476190476,1,500,1,7,"MNAR(e), g1=3"
"Oracle",0,0,500,1,8,"MNAR(e), g1=3"
"Oracle",0,0,500,1,9,"MNAR(e), g1=3"
"Oracle",0,1,500,1,10,"MNAR(e), g1=3"
"Oracle",0,1,500,1,11,"MNAR(e), g1=3"
"Oracle",0,0,500,1,12,"MNAR(e), g1=3"
"Oracle",0,0.7,500,1,13,"MNAR(e), g1=3"
"Oracle",0.0476190476190476,1,500,1,14,"MNAR(e), g1=3"
"Oracle",0.0952380952380952,0.95,500,1,15,"MNAR(e), g1=3"
"Oracle",0,0.9,500,1,16,"MNAR(e), g1=3"
"Oracle",0,1,500,1,17,"MNAR(e), g1=3"
"Oracle",0,1,500,1,18,"MNAR(e), g1=3"
"Oracle",0.208333333333333,0.95,500,1,19,"MNAR(e), g1=3"
"Oracle",0,0,500,1,20,"MNAR(e), g1=3"
"Oracle",0.0909090909090909,1,500,1,21,"MNAR(e), g1=3"
"Oracle",0,1,500,1,22,"MNAR(e), g1=3"
"Oracle",0,0,500,1,23,"MNAR(e), g1=3"
"Oracle",0,0.5,500,1,24,"MNAR(e), g1=3"
"Oracle",0.166666666666667,1,500,1,25,"MNAR(e), g1=3"
"Oracle",0.0476190476190476,1,500,1,26,"MNAR(e), g1=3"
"Oracle",0,0,500,1,27,"MNAR(e), g1=3"
"Oracle",0.130434782608696,1,500,1,28,"MNAR(e), g1=3"
"Oracle",0,0.7,500,1,29,"MNAR(e), g1=3"
"Oracle",0.0476190476190476,1,500,1,30,"MNAR(e), g1=3"
"Oracle",0.285714285714286,1,500,1,31,"MNAR(e), g1=3"
"Oracle",0.05,0.95,500,1,32,"MNAR(e), g1=3"
"Oracle",0.0909090909090909,1,500,1,33,"MNAR(e), g1=3"
"Oracle",0.05,0.95,500,1,34,"MNAR(e), g1=3"
"Oracle",0.0476190476190476,1,500,1,35,"MNAR(e), g1=3"
"Oracle",0,1,500,1,36,"MNAR(e), g1=3"
"Oracle",0.2,1,500,1,37,"MNAR(e), g1=3"
"Oracle",0.130434782608696,1,500,1,38,"MNAR(e), g1=3"
"Oracle",0,1,500,1,39,"MNAR(e), g1=3"
"Oracle",0,0.9,500,1,40,"MNAR(e), g1=3"
"Oracle",0.130434782608696,1,500,1,41,"MNAR(e), g1=3"
"Oracle",0,1,500,1,42,"MNAR(e), g1=3"
"Oracle",0.0476190476190476,1,500,1,43,"MNAR(e), g1=3"
"Oracle",0,1,500,1,44,"MNAR(e), g1=3"
"Oracle",0.05,0.95,500,1,45,"MNAR(e), g1=3"
"Oracle",0.2,1,500,1.5,1,"MNAR(e), g1=3"
"Oracle",0,1,500,1.5,2,"MNAR(e), g1=3"
"Oracle",0.0909090909090909,1,500,1.5,3,"MNAR(e), g1=3"
"Oracle",0,0,500,1.5,4,"MNAR(e), g1=3"
"Oracle",0.05,0.95,500,1.5,5,"MNAR(e), g1=3"
"Oracle",0,0,500,1.5,6,"MNAR(e), g1=3"
"Oracle",0,1,500,1.5,7,"MNAR(e), g1=3"
"Oracle",0.130434782608696,1,500,1.5,8,"MNAR(e), g1=3"
"Oracle",0.2,1,500,1.5,9,"MNAR(e), g1=3"
"Oracle",0.0909090909090909,1,500,1.5,10,"MNAR(e), g1=3"
"Oracle",0.136363636363636,0.95,500,1.5,11,"MNAR(e), g1=3"
"Oracle",0.05,0.95,500,1.5,12,"MNAR(e), g1=3"
"Oracle",0,0,500,1.5,13,"MNAR(e), g1=3"
"Oracle",0.0909090909090909,1,500,1.5,14,"MNAR(e), g1=3"
"Oracle",0.05,0.95,500,1.5,15,"MNAR(e), g1=3"
"Oracle",0,0,500,1.5,16,"MNAR(e), g1=3"
"Oracle",0.0952380952380952,0.95,500,1.5,17,"MNAR(e), g1=3"
"Oracle",0,0.55,500,1.5,18,"MNAR(e), g1=3"
"Oracle",0.136363636363636,0.95,500,1.5,19,"MNAR(e), g1=3"
"Oracle",0.2,1,500,1.5,20,"MNAR(e), g1=3"
"Oracle",0.136363636363636,0.95,500,1.5,21,"MNAR(e), g1=3"
"Oracle",0.2,1,500,1.5,22,"MNAR(e), g1=3"
"Oracle",0.333333333333333,1,500,1.5,23,"MNAR(e), g1=3"
"Oracle",0.2,1,500,1.5,24,"MNAR(e), g1=3"
"Oracle",0.166666666666667,1,500,1.5,25,"MNAR(e), g1=3"
"Oracle",0,0.55,500,1.5,26,"MNAR(e), g1=3"
"Oracle",0,0,500,1.5,27,"MNAR(e), g1=3"
"Oracle",0.130434782608696,1,500,1.5,28,"MNAR(e), g1=3"
"Oracle",0.05,0.95,500,1.5,29,"MNAR(e), g1=3"
"Oracle",0.208333333333333,0.95,500,1.5,30,"MNAR(e), g1=3"
"Oracle",0.0909090909090909,1,500,1.5,31,"MNAR(e), g1=3"
"Oracle",0.0476190476190476,1,500,1.5,32,"MNAR(e), g1=3"
"Oracle",0.166666666666667,1,500,1.5,33,"MNAR(e), g1=3"
"Oracle",0.0909090909090909,1,500,1.5,34,"MNAR(e), g1=3"
"Oracle",0.130434782608696,1,500,1.5,35,"MNAR(e), g1=3"
"Oracle",0.130434782608696,1,500,1.5,36,"MNAR(e), g1=3"
"Oracle",0.0909090909090909,1,500,1.5,37,"MNAR(e), g1=3"
"Oracle",0,0.9,500,1.5,38,"MNAR(e), g1=3"
"Oracle",0.0476190476190476,1,500,1.5,39,"MNAR(e), g1=3"
"Oracle",0,0.5,500,1.5,40,"MNAR(e), g1=3"
"Oracle",0.05,0.95,500,1.5,41,"MNAR(e), g1=3"
"Oracle",0.0476190476190476,1,500,1.5,42,"MNAR(e), g1=3"
"Oracle",0.05,0.95,500,1.5,43,"MNAR(e), g1=3"
"Oracle",0.0476190476190476,1,500,1.5,44,"MNAR(e), g1=3"
"Oracle",0.0476190476190476,1,500,1.5,45,"MNAR(e), g1=3"
"Oracle",0.130434782608696,1,500,2,1,"MNAR(e), g1=3"
"Oracle",0.05,0.95,500,2,2,"MNAR(e), g1=3"
"Oracle",0.0952380952380952,0.95,500,2,3,"MNAR(e), g1=3"
"Oracle",0.05,0.95,500,2,4,"MNAR(e), g1=3"
"Oracle",0,0,500,2,5,"MNAR(e), g1=3"
"Oracle",0.0476190476190476,1,500,2,6,"MNAR(e), g1=3"
"Oracle",0.2,1,500,2,7,"MNAR(e), g1=3"
"Oracle",0.130434782608696,1,500,2,8,"MNAR(e), g1=3"
"Oracle",0.130434782608696,1,500,2,9,"MNAR(e), g1=3"
"Oracle",0.166666666666667,1,500,2,10,"MNAR(e), g1=3"
"Oracle",0,1,500,2,11,"MNAR(e), g1=3"
"Oracle",0.259259259259259,1,500,2,12,"MNAR(e), g1=3"
"Oracle",0.0476190476190476,1,500,2,13,"MNAR(e), g1=3"
"Oracle",0.0476190476190476,1,500,2,14,"MNAR(e), g1=3"
"Oracle",0,0,500,2,15,"MNAR(e), g1=3"
"Oracle",0,0,500,2,16,"MNAR(e), g1=3"
"Oracle",0,0.9,500,2,17,"MNAR(e), g1=3"
"Oracle",0.0909090909090909,1,500,2,18,"MNAR(e), g1=3"
"Oracle",0.05,0.95,500,2,19,"MNAR(e), g1=3"
"Oracle",0,1,500,2,20,"MNAR(e), g1=3"
"Oracle",0.0476190476190476,1,500,2,21,"MNAR(e), g1=3"
"Oracle",0,1,500,2,22,"MNAR(e), g1=3"
"Oracle",0.0476190476190476,1,500,2,23,"MNAR(e), g1=3"
"Oracle",0,1,500,2,24,"MNAR(e), g1=3"
"Oracle",0,0.75,500,2,25,"MNAR(e), g1=3"
"Oracle",0.0909090909090909,1,500,2,26,"MNAR(e), g1=3"
"Oracle",0.0476190476190476,1,500,2,27,"MNAR(e), g1=3"
"Oracle",0,0,500,2,28,"MNAR(e), g1=3"
"Oracle",0.0476190476190476,1,500,2,29,"MNAR(e), g1=3"
"Oracle",0,0.7,500,2,30,"MNAR(e), g1=3"
"Oracle",0,1,500,2,31,"MNAR(e), g1=3"
"Oracle",0.230769230769231,1,500,2,32,"MNAR(e), g1=3"
"Oracle",0,0,500,2,33,"MNAR(e), g1=3"
"Oracle",0,0.65,500,2,34,"MNAR(e), g1=3"
"Oracle",0.05,0.95,500,2,35,"MNAR(e), g1=3"
"Oracle",0.173913043478261,0.95,500,2,36,"MNAR(e), g1=3"
"Oracle",0.411764705882353,1,500,2,37,"MNAR(e), g1=3"
"Oracle",0.2,1,500,2,38,"MNAR(e), g1=3"
"Oracle",0.166666666666667,1,500,2,39,"MNAR(e), g1=3"
"Oracle",0,0,500,2,40,"MNAR(e), g1=3"
"Oracle",0.166666666666667,1,500,2,41,"MNAR(e), g1=3"
"Oracle",0,1,500,2,42,"MNAR(e), g1=3"
"Oracle",0,1,500,2,43,"MNAR(e), g1=3"
"Oracle",0.0476190476190476,1,500,2,44,"MNAR(e), g1=3"
"Oracle",0,0,500,2,45,"MNAR(e), g1=3"
"Oracle",0.130434782608696,1,500,2.5,1,"MNAR(e), g1=3"
"Oracle",0.0909090909090909,1,500,2.5,2,"MNAR(e), g1=3"
"Oracle",0.136363636363636,0.95,500,2.5,3,"MNAR(e), g1=3"
"Oracle",0.130434782608696,1,500,2.5,4,"MNAR(e), g1=3"
"Oracle",0.0952380952380952,0.95,500,2.5,5,"MNAR(e), g1=3"
"Oracle",0.166666666666667,1,500,2.5,6,"MNAR(e), g1=3"
"Oracle",0.0909090909090909,1,500,2.5,7,"MNAR(e), g1=3"
"Oracle",0,1,500,2.5,8,"MNAR(e), g1=3"
"Oracle",0.166666666666667,1,500,2.5,9,"MNAR(e), g1=3"
"Oracle",0,1,500,2.5,10,"MNAR(e), g1=3"
"Oracle",0.130434782608696,1,500,2.5,11,"MNAR(e), g1=3"
"Oracle",0.0952380952380952,0.95,500,2.5,12,"MNAR(e), g1=3"
"Oracle",0.0476190476190476,1,500,2.5,13,"MNAR(e), g1=3"
"Oracle",0.130434782608696,1,500,2.5,14,"MNAR(e), g1=3"
"Oracle",0.166666666666667,1,500,2.5,15,"MNAR(e), g1=3"
"Oracle",0,1,500,2.5,16,"MNAR(e), g1=3"
"Oracle",0.0476190476190476,1,500,2.5,17,"MNAR(e), g1=3"
"Oracle",0.0952380952380952,0.95,500,2.5,18,"MNAR(e), g1=3"
"Oracle",0.310344827586207,1,500,2.5,19,"MNAR(e), g1=3"
"Oracle",0,0.5,500,2.5,20,"MNAR(e), g1=3"
"Oracle",0,0.6,500,2.5,21,"MNAR(e), g1=3"
"Oracle",0.136363636363636,0.95,500,2.5,22,"MNAR(e), g1=3"
"Oracle",0.230769230769231,1,500,2.5,23,"MNAR(e), g1=3"
"Oracle",0.0476190476190476,1,500,2.5,24,"MNAR(e), g1=3"
"Oracle",0,1,500,2.5,25,"MNAR(e), g1=3"
"Oracle",0,0.7,500,2.5,26,"MNAR(e), g1=3"
"Oracle",0,0.9,500,2.5,27,"MNAR(e), g1=3"
"Oracle",0,0,500,2.5,28,"MNAR(e), g1=3"
"Oracle",0,1,500,2.5,29,"MNAR(e), g1=3"
"Oracle",0.05,0.95,500,2.5,30,"MNAR(e), g1=3"
"Oracle",0.0476190476190476,1,500,2.5,31,"MNAR(e), g1=3"
"Oracle",0.0476190476190476,1,500,2.5,32,"MNAR(e), g1=3"
"Oracle",0,1,500,2.5,33,"MNAR(e), g1=3"
"Oracle",0,0.55,500,2.5,34,"MNAR(e), g1=3"
"Oracle",0,1,500,2.5,35,"MNAR(e), g1=3"
"Oracle",0.0909090909090909,1,500,2.5,36,"MNAR(e), g1=3"
"Oracle",0.166666666666667,1,500,2.5,37,"MNAR(e), g1=3"
"Oracle",0,0.5,500,2.5,38,"MNAR(e), g1=3"
"Oracle",0.0476190476190476,1,500,2.5,39,"MNAR(e), g1=3"
"Oracle",0,1,500,2.5,40,"MNAR(e), g1=3"
"Oracle",0,1,500,2.5,41,"MNAR(e), g1=3"
"Oracle",0,0,500,2.5,42,"MNAR(e), g1=3"
"Oracle",0.0476190476190476,1,500,2.5,43,"MNAR(e), g1=3"
"Oracle",0.0476190476190476,1,500,2.5,44,"MNAR(e), g1=3"
"Oracle",0.05,0.95,500,2.5,45,"MNAR(e), g1=3"
"Oracle",0,0.7,500,3,1,"MNAR(e), g1=3"
"Oracle",0.0476190476190476,1,500,3,2,"MNAR(e), g1=3"
"Oracle",0.0952380952380952,0.95,500,3,3,"MNAR(e), g1=3"
"Oracle",0,0.85,500,3,4,"MNAR(e), g1=3"
"Oracle",0.0476190476190476,1,500,3,5,"MNAR(e), g1=3"
"Oracle",0.0476190476190476,1,500,3,6,"MNAR(e), g1=3"
"Oracle",0,1,500,3,7,"MNAR(e), g1=3"
"Oracle",0.208333333333333,0.95,500,3,8,"MNAR(e), g1=3"
"Oracle",0.0909090909090909,1,500,3,9,"MNAR(e), g1=3"
"Oracle",0.0909090909090909,1,500,3,10,"MNAR(e), g1=3"
"Oracle",0,1,500,3,11,"MNAR(e), g1=3"
"Oracle",0.05,0.95,500,3,12,"MNAR(e), g1=3"
"Oracle",0,0.95,500,3,13,"MNAR(e), g1=3"
"Oracle",0.130434782608696,1,500,3,14,"MNAR(e), g1=3"
"Oracle",0,0.95,500,3,15,"MNAR(e), g1=3"
"Oracle",0,0,500,3,16,"MNAR(e), g1=3"
"Oracle",0.0476190476190476,1,500,3,17,"MNAR(e), g1=3"
"Oracle",0.130434782608696,1,500,3,18,"MNAR(e), g1=3"
"Oracle",0.0476190476190476,1,500,3,19,"MNAR(e), g1=3"
"Oracle",0,0.8,500,3,20,"MNAR(e), g1=3"
"Oracle",0.0476190476190476,1,500,3,21,"MNAR(e), g1=3"
"Oracle",0.0476190476190476,1,500,3,22,"MNAR(e), g1=3"
"Oracle",0.0476190476190476,1,500,3,23,"MNAR(e), g1=3"
"Oracle",0.0952380952380952,0.95,500,3,24,"MNAR(e), g1=3"
"Oracle",0.05,0.95,500,3,25,"MNAR(e), g1=3"
"Oracle",0,0.95,500,3,26,"MNAR(e), g1=3"
"Oracle",0,1,500,3,27,"MNAR(e), g1=3"
"Oracle",0.130434782608696,1,500,3,28,"MNAR(e), g1=3"
"Oracle",0,1,500,3,29,"MNAR(e), g1=3"
"Oracle",0.166666666666667,1,500,3,30,"MNAR(e), g1=3"
"Oracle",0,0,500,3,31,"MNAR(e), g1=3"
"Oracle",0.0909090909090909,1,500,3,32,"MNAR(e), g1=3"
"Oracle",0.0476190476190476,1,500,3,33,"MNAR(e), g1=3"
"Oracle",0.05,0.95,500,3,34,"MNAR(e), g1=3"
"Oracle",0.0476190476190476,1,500,3,35,"MNAR(e), g1=3"
"Oracle",0.05,0.95,500,3,36,"MNAR(e), g1=3"
"Oracle",0.0476190476190476,1,500,3,37,"MNAR(e), g1=3"
"Oracle",0,0.95,500,3,38,"MNAR(e), g1=3"
"Oracle",0.2,1,500,3,39,"MNAR(e), g1=3"
"Oracle",0,1,500,3,40,"MNAR(e), g1=3"
"Oracle",0,1,500,3,41,"MNAR(e), g1=3"
"Oracle",0,0,500,3,42,"MNAR(e), g1=3"
"Oracle",0,0.65,500,3,43,"MNAR(e), g1=3"
"Oracle",0,0,500,3,44,"MNAR(e), g1=3"
"Oracle",0,1,500,3,45,"MNAR(e), g1=3"
"Oracle",0.2,1,500,0.5,1,"MNAR(Y), g1=1"
"Oracle",0.05,0.95,500,0.5,2,"MNAR(Y), g1=1"
"Oracle",0,0.55,500,0.5,3,"MNAR(Y), g1=1"
"Oracle",0.0909090909090909,1,500,0.5,4,"MNAR(Y), g1=1"
"Oracle",0,0,500,0.5,5,"MNAR(Y), g1=1"
"Oracle",0.0952380952380952,0.95,500,0.5,6,"MNAR(Y), g1=1"
"Oracle",0.05,0.95,500,0.5,7,"MNAR(Y), g1=1"
"Oracle",0,0.5,500,0.5,8,"MNAR(Y), g1=1"
"Oracle",0,1,500,0.5,9,"MNAR(Y), g1=1"
"Oracle",0.0476190476190476,1,500,0.5,10,"MNAR(Y), g1=1"
"Oracle",0.130434782608696,1,500,0.5,11,"MNAR(Y), g1=1"
"Oracle",0.130434782608696,1,500,0.5,12,"MNAR(Y), g1=1"
"Oracle",0,1,500,0.5,13,"MNAR(Y), g1=1"
"Oracle",0,0,500,0.5,14,"MNAR(Y), g1=1"
"Oracle",0,0.95,500,0.5,15,"MNAR(Y), g1=1"
"Oracle",0,0,500,0.5,16,"MNAR(Y), g1=1"
"Oracle",0,0,500,0.5,17,"MNAR(Y), g1=1"
"Oracle",0.05,0.95,500,0.5,18,"MNAR(Y), g1=1"
"Oracle",0.05,0.95,500,0.5,19,"MNAR(Y), g1=1"
"Oracle",0,1,500,0.5,20,"MNAR(Y), g1=1"
"Oracle",0.130434782608696,1,500,0.5,21,"MNAR(Y), g1=1"
"Oracle",0,0.5,500,0.5,22,"MNAR(Y), g1=1"
"Oracle",0.354838709677419,1,500,0.5,23,"MNAR(Y), g1=1"
"Oracle",0.0909090909090909,1,500,0.5,24,"MNAR(Y), g1=1"
"Oracle",0,1,500,0.5,25,"MNAR(Y), g1=1"
"Oracle",0,0,500,0.5,26,"MNAR(Y), g1=1"
"Oracle",0,0.95,500,0.5,27,"MNAR(Y), g1=1"
"Oracle",0,1,500,0.5,28,"MNAR(Y), g1=1"
"Oracle",0,0.55,500,0.5,29,"MNAR(Y), g1=1"
"Oracle",0.130434782608696,1,500,0.5,30,"MNAR(Y), g1=1"
"Oracle",0.0909090909090909,1,500,0.5,31,"MNAR(Y), g1=1"
"Oracle",0.2,1,500,0.5,32,"MNAR(Y), g1=1"
"Oracle",0.166666666666667,1,500,0.5,33,"MNAR(Y), g1=1"
"Oracle",0,1,500,0.5,34,"MNAR(Y), g1=1"
"Oracle",0.0952380952380952,0.95,500,0.5,35,"MNAR(Y), g1=1"
"Oracle",0.2,1,500,0.5,36,"MNAR(Y), g1=1"
"Oracle",0,0.65,500,0.5,37,"MNAR(Y), g1=1"
"Oracle",0.0476190476190476,1,500,0.5,38,"MNAR(Y), g1=1"
"Oracle",0.05,0.95,500,0.5,39,"MNAR(Y), g1=1"
"Oracle",0.0952380952380952,0.95,500,0.5,40,"MNAR(Y), g1=1"
"Oracle",0,0.6,500,0.5,41,"MNAR(Y), g1=1"
"Oracle",0,1,500,0.5,42,"MNAR(Y), g1=1"
"Oracle",0.0476190476190476,1,500,0.5,43,"MNAR(Y), g1=1"
"Oracle",0,1,500,0.5,44,"MNAR(Y), g1=1"
"Oracle",0.0952380952380952,0.95,500,0.5,45,"MNAR(Y), g1=1"
"Oracle",0.0909090909090909,1,500,1,1,"MNAR(Y), g1=1"
"Oracle",0.130434782608696,1,500,1,2,"MNAR(Y), g1=1"
"Oracle",0,0.55,500,1,3,"MNAR(Y), g1=1"
"Oracle",0.0909090909090909,1,500,1,4,"MNAR(Y), g1=1"
"Oracle",0.130434782608696,1,500,1,5,"MNAR(Y), g1=1"
"Oracle",0.259259259259259,1,500,1,6,"MNAR(Y), g1=1"
"Oracle",0.0476190476190476,1,500,1,7,"MNAR(Y), g1=1"
"Oracle",0,0,500,1,8,"MNAR(Y), g1=1"
"Oracle",0,0,500,1,9,"MNAR(Y), g1=1"
"Oracle",0,1,500,1,10,"MNAR(Y), g1=1"
"Oracle",0,1,500,1,11,"MNAR(Y), g1=1"
"Oracle",0,0,500,1,12,"MNAR(Y), g1=1"
"Oracle",0,0.7,500,1,13,"MNAR(Y), g1=1"
"Oracle",0.0476190476190476,1,500,1,14,"MNAR(Y), g1=1"
"Oracle",0.0952380952380952,0.95,500,1,15,"MNAR(Y), g1=1"
"Oracle",0,0.9,500,1,16,"MNAR(Y), g1=1"
"Oracle",0,1,500,1,17,"MNAR(Y), g1=1"
"Oracle",0,1,500,1,18,"MNAR(Y), g1=1"
"Oracle",0.208333333333333,0.95,500,1,19,"MNAR(Y), g1=1"
"Oracle",0,0,500,1,20,"MNAR(Y), g1=1"
"Oracle",0.0909090909090909,1,500,1,21,"MNAR(Y), g1=1"
"Oracle",0,1,500,1,22,"MNAR(Y), g1=1"
"Oracle",0,0,500,1,23,"MNAR(Y), g1=1"
"Oracle",0,0.5,500,1,24,"MNAR(Y), g1=1"
"Oracle",0.166666666666667,1,500,1,25,"MNAR(Y), g1=1"
"Oracle",0.0476190476190476,1,500,1,26,"MNAR(Y), g1=1"
"Oracle",0,0,500,1,27,"MNAR(Y), g1=1"
"Oracle",0.130434782608696,1,500,1,28,"MNAR(Y), g1=1"
"Oracle",0,0.7,500,1,29,"MNAR(Y), g1=1"
"Oracle",0.0476190476190476,1,500,1,30,"MNAR(Y), g1=1"
"Oracle",0.285714285714286,1,500,1,31,"MNAR(Y), g1=1"
"Oracle",0.05,0.95,500,1,32,"MNAR(Y), g1=1"
"Oracle",0.0909090909090909,1,500,1,33,"MNAR(Y), g1=1"
"Oracle",0.05,0.95,500,1,34,"MNAR(Y), g1=1"
"Oracle",0.0476190476190476,1,500,1,35,"MNAR(Y), g1=1"
"Oracle",0,1,500,1,36,"MNAR(Y), g1=1"
"Oracle",0.2,1,500,1,37,"MNAR(Y), g1=1"
"Oracle",0.130434782608696,1,500,1,38,"MNAR(Y), g1=1"
"Oracle",0,1,500,1,39,"MNAR(Y), g1=1"
"Oracle",0,0.9,500,1,40,"MNAR(Y), g1=1"
"Oracle",0.130434782608696,1,500,1,41,"MNAR(Y), g1=1"
"Oracle",0,1,500,1,42,"MNAR(Y), g1=1"
"Oracle",0.0476190476190476,1,500,1,43,"MNAR(Y), g1=1"
"Oracle",0,1,500,1,44,"MNAR(Y), g1=1"
"Oracle",0.05,0.95,500,1,45,"MNAR(Y), g1=1"
"Oracle",0.2,1,500,1.5,1,"MNAR(Y), g1=1"
"Oracle",0,1,500,1.5,2,"MNAR(Y), g1=1"
"Oracle",0.0909090909090909,1,500,1.5,3,"MNAR(Y), g1=1"
"Oracle",0,0,500,1.5,4,"MNAR(Y), g1=1"
"Oracle",0.05,0.95,500,1.5,5,"MNAR(Y), g1=1"
"Oracle",0,0,500,1.5,6,"MNAR(Y), g1=1"
"Oracle",0,1,500,1.5,7,"MNAR(Y), g1=1"
"Oracle",0.130434782608696,1,500,1.5,8,"MNAR(Y), g1=1"
"Oracle",0.2,1,500,1.5,9,"MNAR(Y), g1=1"
"Oracle",0.0909090909090909,1,500,1.5,10,"MNAR(Y), g1=1"
"Oracle",0.136363636363636,0.95,500,1.5,11,"MNAR(Y), g1=1"
"Oracle",0.05,0.95,500,1.5,12,"MNAR(Y), g1=1"
"Oracle",0,0,500,1.5,13,"MNAR(Y), g1=1"
"Oracle",0.0909090909090909,1,500,1.5,14,"MNAR(Y), g1=1"
"Oracle",0.05,0.95,500,1.5,15,"MNAR(Y), g1=1"
"Oracle",0,0,500,1.5,16,"MNAR(Y), g1=1"
"Oracle",0.0952380952380952,0.95,500,1.5,17,"MNAR(Y), g1=1"
"Oracle",0,0.55,500,1.5,18,"MNAR(Y), g1=1"
"Oracle",0.136363636363636,0.95,500,1.5,19,"MNAR(Y), g1=1"
"Oracle",0.2,1,500,1.5,20,"MNAR(Y), g1=1"
"Oracle",0.136363636363636,0.95,500,1.5,21,"MNAR(Y), g1=1"
"Oracle",0.2,1,500,1.5,22,"MNAR(Y), g1=1"
"Oracle",0.333333333333333,1,500,1.5,23,"MNAR(Y), g1=1"
"Oracle",0.2,1,500,1.5,24,"MNAR(Y), g1=1"
"Oracle",0.166666666666667,1,500,1.5,25,"MNAR(Y), g1=1"
"Oracle",0,0.55,500,1.5,26,"MNAR(Y), g1=1"
"Oracle",0,0,500,1.5,27,"MNAR(Y), g1=1"
"Oracle",0.130434782608696,1,500,1.5,28,"MNAR(Y), g1=1"
"Oracle",0.05,0.95,500,1.5,29,"MNAR(Y), g1=1"
"Oracle",0.208333333333333,0.95,500,1.5,30,"MNAR(Y), g1=1"
"Oracle",0.0909090909090909,1,500,1.5,31,"MNAR(Y), g1=1"
"Oracle",0.0476190476190476,1,500,1.5,32,"MNAR(Y), g1=1"
"Oracle",0.166666666666667,1,500,1.5,33,"MNAR(Y), g1=1"
"Oracle",0.0909090909090909,1,500,1.5,34,"MNAR(Y), g1=1"
"Oracle",0.130434782608696,1,500,1.5,35,"MNAR(Y), g1=1"
"Oracle",0.130434782608696,1,500,1.5,36,"MNAR(Y), g1=1"
"Oracle",0.0909090909090909,1,500,1.5,37,"MNAR(Y), g1=1"
"Oracle",0,0.9,500,1.5,38,"MNAR(Y), g1=1"
"Oracle",0.0476190476190476,1,500,1.5,39,"MNAR(Y), g1=1"
"Oracle",0,0.5,500,1.5,40,"MNAR(Y), g1=1"
"Oracle",0.05,0.95,500,1.5,41,"MNAR(Y), g1=1"
"Oracle",0.0476190476190476,1,500,1.5,42,"MNAR(Y), g1=1"
"Oracle",0.05,0.95,500,1.5,43,"MNAR(Y), g1=1"
"Oracle",0.0476190476190476,1,500,1.5,44,"MNAR(Y), g1=1"
"Oracle",0.0476190476190476,1,500,1.5,45,"MNAR(Y), g1=1"
"Oracle",0.130434782608696,1,500,2,1,"MNAR(Y), g1=1"
"Oracle",0.05,0.95,500,2,2,"MNAR(Y), g1=1"
"Oracle",0.0952380952380952,0.95,500,2,3,"MNAR(Y), g1=1"
"Oracle",0.05,0.95,500,2,4,"MNAR(Y), g1=1"
"Oracle",0,0,500,2,5,"MNAR(Y), g1=1"
"Oracle",0.0476190476190476,1,500,2,6,"MNAR(Y), g1=1"
"Oracle",0.2,1,500,2,7,"MNAR(Y), g1=1"
"Oracle",0.130434782608696,1,500,2,8,"MNAR(Y), g1=1"
"Oracle",0.130434782608696,1,500,2,9,"MNAR(Y), g1=1"
"Oracle",0.166666666666667,1,500,2,10,"MNAR(Y), g1=1"
"Oracle",0,1,500,2,11,"MNAR(Y), g1=1"
"Oracle",0.259259259259259,1,500,2,12,"MNAR(Y), g1=1"
"Oracle",0.0476190476190476,1,500,2,13,"MNAR(Y), g1=1"
"Oracle",0.0476190476190476,1,500,2,14,"MNAR(Y), g1=1"
"Oracle",0,0,500,2,15,"MNAR(Y), g1=1"
"Oracle",0,0,500,2,16,"MNAR(Y), g1=1"
"Oracle",0,0.9,500,2,17,"MNAR(Y), g1=1"
"Oracle",0.0909090909090909,1,500,2,18,"MNAR(Y), g1=1"
"Oracle",0.05,0.95,500,2,19,"MNAR(Y), g1=1"
"Oracle",0,1,500,2,20,"MNAR(Y), g1=1"
"Oracle",0.0476190476190476,1,500,2,21,"MNAR(Y), g1=1"
"Oracle",0,1,500,2,22,"MNAR(Y), g1=1"
"Oracle",0.0476190476190476,1,500,2,23,"MNAR(Y), g1=1"
"Oracle",0,1,500,2,24,"MNAR(Y), g1=1"
"Oracle",0,0.75,500,2,25,"MNAR(Y), g1=1"
"Oracle",0.0909090909090909,1,500,2,26,"MNAR(Y), g1=1"
"Oracle",0.0476190476190476,1,500,2,27,"MNAR(Y), g1=1"
"Oracle",0,0,500,2,28,"MNAR(Y), g1=1"
"Oracle",0.0476190476190476,1,500,2,29,"MNAR(Y), g1=1"
"Oracle",0,0.7,500,2,30,"MNAR(Y), g1=1"
"Oracle",0,1,500,2,31,"MNAR(Y), g1=1"
"Oracle",0.230769230769231,1,500,2,32,"MNAR(Y), g1=1"
"Oracle",0,0,500,2,33,"MNAR(Y), g1=1"
"Oracle",0,0.65,500,2,34,"MNAR(Y), g1=1"
"Oracle",0.05,0.95,500,2,35,"MNAR(Y), g1=1"
"Oracle",0.173913043478261,0.95,500,2,36,"MNAR(Y), g1=1"
"Oracle",0.411764705882353,1,500,2,37,"MNAR(Y), g1=1"
"Oracle",0.2,1,500,2,38,"MNAR(Y), g1=1"
"Oracle",0.166666666666667,1,500,2,39,"MNAR(Y), g1=1"
"Oracle",0,0,500,2,40,"MNAR(Y), g1=1"
"Oracle",0.166666666666667,1,500,2,41,"MNAR(Y), g1=1"
"Oracle",0,1,500,2,42,"MNAR(Y), g1=1"
"Oracle",0,1,500,2,43,"MNAR(Y), g1=1"
"Oracle",0.0476190476190476,1,500,2,44,"MNAR(Y), g1=1"
"Oracle",0,0,500,2,45,"MNAR(Y), g1=1"
"Oracle",0.130434782608696,1,500,2.5,1,"MNAR(Y), g1=1"
"Oracle",0.0909090909090909,1,500,2.5,2,"MNAR(Y), g1=1"
"Oracle",0.136363636363636,0.95,500,2.5,3,"MNAR(Y), g1=1"
"Oracle",0.130434782608696,1,500,2.5,4,"MNAR(Y), g1=1"
"Oracle",0.0952380952380952,0.95,500,2.5,5,"MNAR(Y), g1=1"
"Oracle",0.166666666666667,1,500,2.5,6,"MNAR(Y), g1=1"
"Oracle",0.0909090909090909,1,500,2.5,7,"MNAR(Y), g1=1"
"Oracle",0,1,500,2.5,8,"MNAR(Y), g1=1"
"Oracle",0.166666666666667,1,500,2.5,9,"MNAR(Y), g1=1"
"Oracle",0,1,500,2.5,10,"MNAR(Y), g1=1"
"Oracle",0.130434782608696,1,500,2.5,11,"MNAR(Y), g1=1"
"Oracle",0.0952380952380952,0.95,500,2.5,12,"MNAR(Y), g1=1"
"Oracle",0.0476190476190476,1,500,2.5,13,"MNAR(Y), g1=1"
"Oracle",0.130434782608696,1,500,2.5,14,"MNAR(Y), g1=1"
"Oracle",0.166666666666667,1,500,2.5,15,"MNAR(Y), g1=1"
"Oracle",0,1,500,2.5,16,"MNAR(Y), g1=1"
"Oracle",0.0476190476190476,1,500,2.5,17,"MNAR(Y), g1=1"
"Oracle",0.0952380952380952,0.95,500,2.5,18,"MNAR(Y), g1=1"
"Oracle",0.310344827586207,1,500,2.5,19,"MNAR(Y), g1=1"
"Oracle",0,0.5,500,2.5,20,"MNAR(Y), g1=1"
"Oracle",0,0.6,500,2.5,21,"MNAR(Y), g1=1"
"Oracle",0.136363636363636,0.95,500,2.5,22,"MNAR(Y), g1=1"
"Oracle",0.230769230769231,1,500,2.5,23,"MNAR(Y), g1=1"
"Oracle",0.0476190476190476,1,500,2.5,24,"MNAR(Y), g1=1"
"Oracle",0,1,500,2.5,25,"MNAR(Y), g1=1"
"Oracle",0,0.7,500,2.5,26,"MNAR(Y), g1=1"
"Oracle",0,0.9,500,2.5,27,"MNAR(Y), g1=1"
"Oracle",0,0,500,2.5,28,"MNAR(Y), g1=1"
"Oracle",0,1,500,2.5,29,"MNAR(Y), g1=1"
"Oracle",0.05,0.95,500,2.5,30,"MNAR(Y), g1=1"
"Oracle",0.0476190476190476,1,500,2.5,31,"MNAR(Y), g1=1"
"Oracle",0.0476190476190476,1,500,2.5,32,"MNAR(Y), g1=1"
"Oracle",0,1,500,2.5,33,"MNAR(Y), g1=1"
"Oracle",0,0.55,500,2.5,34,"MNAR(Y), g1=1"
"Oracle",0,1,500,2.5,35,"MNAR(Y), g1=1"
"Oracle",0.0909090909090909,1,500,2.5,36,"MNAR(Y), g1=1"
"Oracle",0.166666666666667,1,500,2.5,37,"MNAR(Y), g1=1"
"Oracle",0,0.5,500,2.5,38,"MNAR(Y), g1=1"
"Oracle",0.0476190476190476,1,500,2.5,39,"MNAR(Y), g1=1"
"Oracle",0,1,500,2.5,40,"MNAR(Y), g1=1"
"Oracle",0,1,500,2.5,41,"MNAR(Y), g1=1"
"Oracle",0,0,500,2.5,42,"MNAR(Y), g1=1"
"Oracle",0.0476190476190476,1,500,2.5,43,"MNAR(Y), g1=1"
"Oracle",0.0476190476190476,1,500,2.5,44,"MNAR(Y), g1=1"
"Oracle",0.05,0.95,500,2.5,45,"MNAR(Y), g1=1"
"Oracle",0,0.7,500,3,1,"MNAR(Y), g1=1"
"Oracle",0.0476190476190476,1,500,3,2,"MNAR(Y), g1=1"
"Oracle",0.0952380952380952,0.95,500,3,3,"MNAR(Y), g1=1"
"Oracle",0,0.85,500,3,4,"MNAR(Y), g1=1"
"Oracle",0.0476190476190476,1,500,3,5,"MNAR(Y), g1=1"
"Oracle",0.0476190476190476,1,500,3,6,"MNAR(Y), g1=1"
"Oracle",0,1,500,3,7,"MNAR(Y), g1=1"
"Oracle",0.208333333333333,0.95,500,3,8,"MNAR(Y), g1=1"
"Oracle",0.0909090909090909,1,500,3,9,"MNAR(Y), g1=1"
"Oracle",0.0909090909090909,1,500,3,10,"MNAR(Y), g1=1"
"Oracle",0,1,500,3,11,"MNAR(Y), g1=1"
"Oracle",0.05,0.95,500,3,12,"MNAR(Y), g1=1"
"Oracle",0,0.95,500,3,13,"MNAR(Y), g1=1"
"Oracle",0.130434782608696,1,500,3,14,"MNAR(Y), g1=1"
"Oracle",0,0.95,500,3,15,"MNAR(Y), g1=1"
"Oracle",0,0,500,3,16,"MNAR(Y), g1=1"
"Oracle",0.0476190476190476,1,500,3,17,"MNAR(Y), g1=1"
"Oracle",0.130434782608696,1,500,3,18,"MNAR(Y), g1=1"
"Oracle",0.0476190476190476,1,500,3,19,"MNAR(Y), g1=1"
"Oracle",0,0.8,500,3,20,"MNAR(Y), g1=1"
"Oracle",0.0476190476190476,1,500,3,21,"MNAR(Y), g1=1"
"Oracle",0.0476190476190476,1,500,3,22,"MNAR(Y), g1=1"
"Oracle",0.0476190476190476,1,500,3,23,"MNAR(Y), g1=1"
"Oracle",0.0952380952380952,0.95,500,3,24,"MNAR(Y), g1=1"
"Oracle",0.05,0.95,500,3,25,"MNAR(Y), g1=1"
"Oracle",0,0.95,500,3,26,"MNAR(Y), g1=1"
"Oracle",0,1,500,3,27,"MNAR(Y), g1=1"
"Oracle",0.130434782608696,1,500,3,28,"MNAR(Y), g1=1"
"Oracle",0,1,500,3,29,"MNAR(Y), g1=1"
"Oracle",0.166666666666667,1,500,3,30,"MNAR(Y), g1=1"
"Oracle",0,0,500,3,31,"MNAR(Y), g1=1"
"Oracle",0.0909090909090909,1,500,3,32,"MNAR(Y), g1=1"
"Oracle",0.0476190476190476,1,500,3,33,"MNAR(Y), g1=1"
"Oracle",0.05,0.95,500,3,34,"MNAR(Y), g1=1"
"Oracle",0.0476190476190476,1,500,3,35,"MNAR(Y), g1=1"
"Oracle",0.05,0.95,500,3,36,"MNAR(Y), g1=1"
"Oracle",0.0476190476190476,1,500,3,37,"MNAR(Y), g1=1"
"Oracle",0,0.95,500,3,38,"MNAR(Y), g1=1"
"Oracle",0.2,1,500,3,39,"MNAR(Y), g1=1"
"Oracle",0,1,500,3,40,"MNAR(Y), g1=1"
"Oracle",0,1,500,3,41,"MNAR(Y), g1=1"
"Oracle",0,0,500,3,42,"MNAR(Y), g1=1"
"Oracle",0,0.65,500,3,43,"MNAR(Y), g1=1"
"Oracle",0,0,500,3,44,"MNAR(Y), g1=1"
"Oracle",0,1,500,3,45,"MNAR(Y), g1=1"
"Naive",0.0909090909090909,1,485,0.5,1,"Non-informative"
"Naive",0,1,513,0.5,2,"Non-informative"
"Naive",0,0,502,0.5,3,"Non-informative"
"Naive",0.0952380952380952,0.95,501,0.5,4,"Non-informative"
"Naive",0.0909090909090909,1,497,0.5,5,"Non-informative"
"Naive",0,0,491,0.5,6,"Non-informative"
"Naive",0.2,1,490,0.5,7,"Non-informative"
"Naive",0,1,482,0.5,8,"Non-informative"
"Naive",0,0.95,522,0.5,9,"Non-informative"
"Naive",0,0.75,486,0.5,10,"Non-informative"
"Naive",0.0476190476190476,1,519,0.5,11,"Non-informative"
"Naive",0,0,483,0.5,12,"Non-informative"
"Naive",0.2,1,510,0.5,13,"Non-informative"
"Naive",0.2,1,501,0.5,14,"Non-informative"
"Naive",0.136363636363636,0.95,515,0.5,15,"Non-informative"
"Naive",0,1,535,0.5,16,"Non-informative"
"Naive",0.05,0.95,465,0.5,17,"Non-informative"
"Naive",0,0,506,0.5,18,"Non-informative"
"Naive",0.1,0.9,480,0.5,19,"Non-informative"
"Naive",0,1,478,0.5,20,"Non-informative"
"Naive",0,1,501,0.5,21,"Non-informative"
"Naive",0,0.55,533,0.5,22,"Non-informative"
"Naive",0,0,496,0.5,23,"Non-informative"
"Naive",0,0.55,477,0.5,24,"Non-informative"
"Naive",0.05,0.95,494,0.5,25,"Non-informative"
"Naive",0,1,527,0.5,26,"Non-informative"
"Naive",0.0909090909090909,1,506,0.5,27,"Non-informative"
"Naive",0,1,533,0.5,28,"Non-informative"
"Naive",0,0,493,0.5,29,"Non-informative"
"Naive",0,0.65,455,0.5,30,"Non-informative"
"Naive",0.0476190476190476,1,491,0.5,31,"Non-informative"
"Naive",0,0,477,0.5,32,"Non-informative"
"Naive",0,0,506,0.5,33,"Non-informative"
"Naive",0,0,507,0.5,34,"Non-informative"
"Naive",0,0,466,0.5,35,"Non-informative"
"Naive",0.0909090909090909,1,502,0.5,36,"Non-informative"
"Naive",0,1,541,0.5,37,"Non-informative"
"Naive",0.0909090909090909,1,501,0.5,38,"Non-informative"
"Naive",0.130434782608696,1,501,0.5,39,"Non-informative"
"Naive",0.136363636363636,0.95,517,0.5,40,"Non-informative"
"Naive",0,1,484,0.5,41,"Non-informative"
"Naive",0,0,475,0.5,42,"Non-informative"
"Naive",0,0.8,474,0.5,43,"Non-informative"
"Naive",0.0952380952380952,0.95,516,0.5,44,"Non-informative"
"Naive",0,1,481,0.5,45,"Non-informative"
"Naive",0,1,501,0.5,1,"MNAR(e), g1=3"
"Naive",0.136363636363636,0.95,496,0.5,2,"MNAR(e), g1=3"
"Naive",0.05,0.95,497,0.5,3,"MNAR(e), g1=3"
"Naive",0,0.95,504,0.5,4,"MNAR(e), g1=3"
"Naive",0.0952380952380952,0.95,514,0.5,5,"MNAR(e), g1=3"
"Naive",0.166666666666667,1,505,0.5,6,"MNAR(e), g1=3"
"Naive",0.0952380952380952,0.95,505,0.5,7,"MNAR(e), g1=3"
"Naive",0,0,494,0.5,8,"MNAR(e), g1=3"
"Naive",0.0909090909090909,1,505,0.5,9,"MNAR(e), g1=3"
"Naive",0.0476190476190476,1,484,0.5,10,"MNAR(e), g1=3"
"Naive",0.0909090909090909,1,515,0.5,11,"MNAR(e), g1=3"
"Naive",0.0476190476190476,1,517,0.5,12,"MNAR(e), g1=3"
"Naive",0.130434782608696,1,501,0.5,13,"MNAR(e), g1=3"
"Naive",0.130434782608696,1,514,0.5,14,"MNAR(e), g1=3"
"Naive",0.166666666666667,1,508,0.5,15,"MNAR(e), g1=3"
"Naive",0,0.7,531,0.5,16,"MNAR(e), g1=3"
"Naive",0,0.7,485,0.5,17,"MNAR(e), g1=3"
"Naive",0.0909090909090909,1,499,0.5,18,"MNAR(e), g1=3"
"Naive",0.130434782608696,1,468,0.5,19,"MNAR(e), g1=3"
"Naive",0.0952380952380952,0.95,549,0.5,20,"MNAR(e), g1=3"
"Naive",0.130434782608696,1,502,0.5,21,"MNAR(e), g1=3"
"Naive",0,1,516,0.5,22,"MNAR(e), g1=3"
"Naive",0.354838709677419,1,519,0.5,23,"MNAR(e), g1=3"
"Naive",0,0.65,482,0.5,24,"MNAR(e), g1=3"
"Naive",0,0,492,0.5,25,"MNAR(e), g1=3"
"Naive",0.0909090909090909,1,495,0.5,26,"MNAR(e), g1=3"
"Naive",0.230769230769231,1,500,0.5,27,"MNAR(e), g1=3"
"Naive",0.0909090909090909,1,494,0.5,28,"MNAR(e), g1=3"
"Naive",0,0.75,513,0.5,29,"MNAR(e), g1=3"
"Naive",0.0909090909090909,1,514,0.5,30,"MNAR(e), g1=3"
"Naive",0.173913043478261,0.95,544,0.5,31,"MNAR(e), g1=3"
"Naive",0.259259259259259,1,500,0.5,32,"MNAR(e), g1=3"
"Naive",0,0.6,492,0.5,33,"MNAR(e), g1=3"
"Naive",0,1,527,0.5,34,"MNAR(e), g1=3"
"Naive",0,0,495,0.5,35,"MNAR(e), g1=3"
"Naive",0.2,1,520,0.5,36,"MNAR(e), g1=3"
"Naive",0.354838709677419,1,518,0.5,37,"MNAR(e), g1=3"
"Naive",0,1,504,0.5,38,"MNAR(e), g1=3"
"Naive",0,0.5,499,0.5,39,"MNAR(e), g1=3"
"Naive",0,0.95,503,0.5,40,"MNAR(e), g1=3"
"Naive",0.333333333333333,1,518,0.5,41,"MNAR(e), g1=3"
"Naive",0,0,483,0.5,42,"MNAR(e), g1=3"
"Naive",0,1,506,0.5,43,"MNAR(e), g1=3"
"Naive",0.0909090909090909,1,497,0.5,44,"MNAR(e), g1=3"
"Naive",0,0.75,490,0.5,45,"MNAR(e), g1=3"
"Naive",0.05,0.95,522,0.5,1,"MNAR(Y), g1=1"
"Naive",0,0,486,0.5,2,"MNAR(Y), g1=1"
"Naive",0,0,503,0.5,3,"MNAR(Y), g1=1"
"Naive",0,1,519,0.5,4,"MNAR(Y), g1=1"
"Naive",0,0.65,466,0.5,5,"MNAR(Y), g1=1"
"Naive",0.24,0.95,490,0.5,6,"MNAR(Y), g1=1"
"Naive",0,0.65,526,0.5,7,"MNAR(Y), g1=1"
"Naive",0,1,494,0.5,8,"MNAR(Y), g1=1"
"Naive",0.0476190476190476,1,489,0.5,9,"MNAR(Y), g1=1"
"Naive",0.0476190476190476,1,519,0.5,10,"MNAR(Y), g1=1"
"Naive",0,0.9,503,0.5,11,"MNAR(Y), g1=1"
"Naive",0.05,0.95,523,0.5,12,"MNAR(Y), g1=1"
"Naive",0.05,0.95,522,0.5,13,"MNAR(Y), g1=1"
"Naive",0.130434782608696,1,494,0.5,14,"MNAR(Y), g1=1"
"Naive",0.136363636363636,0.95,509,0.5,15,"MNAR(Y), g1=1"
"Naive",0.166666666666667,1,504,0.5,16,"MNAR(Y), g1=1"
"Naive",0.130434782608696,1,493,0.5,17,"MNAR(Y), g1=1"
"Naive",0.259259259259259,1,505,0.5,18,"MNAR(Y), g1=1"
"Naive",0.05,0.95,501,0.5,19,"MNAR(Y), g1=1"
"Naive",0.0909090909090909,1,494,0.5,20,"MNAR(Y), g1=1"
"Naive",0,0,508,0.5,21,"MNAR(Y), g1=1"
"Naive",0.130434782608696,1,477,0.5,22,"MNAR(Y), g1=1"
"Naive",0,0.95,504,0.5,23,"MNAR(Y), g1=1"
"Naive",0.230769230769231,1,505,0.5,24,"MNAR(Y), g1=1"
"Naive",0,0.95,484,0.5,25,"MNAR(Y), g1=1"
"Naive",0,0,496,0.5,26,"MNAR(Y), g1=1"
"Naive",0,0.95,520,0.5,27,"MNAR(Y), g1=1"
"Naive",0,0.75,507,0.5,28,"MNAR(Y), g1=1"
"Naive",0,0,472,0.5,29,"MNAR(Y), g1=1"
"Naive",0,1,507,0.5,30,"MNAR(Y), g1=1"
"Naive",0.173913043478261,0.95,479,0.5,31,"MNAR(Y), g1=1"
"Naive",0,0.55,512,0.5,32,"MNAR(Y), g1=1"
"Naive",0,0.55,510,0.5,33,"MNAR(Y), g1=1"
"Naive",0.0476190476190476,1,525,0.5,34,"MNAR(Y), g1=1"
"Naive",0.0476190476190476,1,519,0.5,35,"MNAR(Y), g1=1"
"Naive",0,0.55,494,0.5,36,"MNAR(Y), g1=1"
"Naive",0.136363636363636,0.95,498,0.5,37,"MNAR(Y), g1=1"
"Naive",0,0,512,0.5,38,"MNAR(Y), g1=1"
"Naive",0.0526315789473684,0.9,511,0.5,39,"MNAR(Y), g1=1"
"Naive",0.0909090909090909,1,519,0.5,40,"MNAR(Y), g1=1"
"Naive",0.130434782608696,1,518,0.5,41,"MNAR(Y), g1=1"
"Naive",0,0.6,504,0.5,42,"MNAR(Y), g1=1"
"Naive",0.130434782608696,1,503,0.5,43,"MNAR(Y), g1=1"
"Naive",0,0,498,0.5,44,"MNAR(Y), g1=1"
"Naive",0.0476190476190476,1,509,0.5,45,"MNAR(Y), g1=1"
"Naive",0,0,478,1,1,"Non-informative"
"Naive",0.05,0.95,525,1,2,"Non-informative"
"Naive",0.136363636363636,0.95,485,1,3,"Non-informative"
"Naive",0,1,489,1,4,"Non-informative"
"Naive",0,0,492,1,5,"Non-informative"
"Naive",0,1,538,1,6,"Non-informative"
"Naive",0.0476190476190476,1,490,1,7,"Non-informative"
"Naive",0.0909090909090909,1,505,1,8,"Non-informative"
"Naive",0.208333333333333,0.95,511,1,9,"Non-informative"
"Naive",0.130434782608696,1,511,1,10,"Non-informative"
"Naive",0,0,513,1,11,"Non-informative"
"Naive",0.05,0.95,524,1,12,"Non-informative"
"Naive",0.130434782608696,1,490,1,13,"Non-informative"
"Naive",0.0476190476190476,1,493,1,14,"Non-informative"
"Naive",0.0909090909090909,1,550,1,15,"Non-informative"
"Naive",0,1,519,1,16,"Non-informative"
"Naive",0.173913043478261,0.95,473,1,17,"Non-informative"
"Naive",0.0476190476190476,1,525,1,18,"Non-informative"
"Naive",0,1,516,1,19,"Non-informative"
"Naive",0.0909090909090909,1,519,1,20,"Non-informative"
"Naive",0,0,502,1,21,"Non-informative"
"Naive",0.130434782608696,1,523,1,22,"Non-informative"
"Naive",0.2,1,517,1,23,"Non-informative"
"Naive",0.130434782608696,1,494,1,24,"Non-informative"
"Naive",0.130434782608696,1,461,1,25,"Non-informative"
"Naive",0,0,485,1,26,"Non-informative"
"Naive",0,1,499,1,27,"Non-informative"
"Naive",0.130434782608696,1,495,1,28,"Non-informative"
"Naive",0.0476190476190476,1,516,1,29,"Non-informative"
"Naive",0.0909090909090909,1,486,1,30,"Non-informative"
"Naive",0.130434782608696,1,483,1,31,"Non-informative"
"Naive",0.166666666666667,1,496,1,32,"Non-informative"
"Naive",0,0.75,525,1,33,"Non-informative"
"Naive",0.0909090909090909,1,510,1,34,"Non-informative"
"Naive",0,0.75,511,1,35,"Non-informative"
"Naive",0.0476190476190476,1,514,1,36,"Non-informative"
"Naive",0.0476190476190476,1,471,1,37,"Non-informative"
"Naive",0.0909090909090909,1,498,1,38,"Non-informative"
"Naive",0.130434782608696,1,570,1,39,"Non-informative"
"Naive",0,1,487,1,40,"Non-informative"
"Naive",0.0909090909090909,1,524,1,41,"Non-informative"
"Naive",0.136363636363636,0.95,474,1,42,"Non-informative"
"Naive",0,1,528,1,43,"Non-informative"
"Naive",0,0.7,494,1,44,"Non-informative"
"Naive",0,1,510,1,45,"Non-informative"
"Naive",0.130434782608696,1,510,1,1,"MNAR(e), g1=3"
"Naive",0.0952380952380952,0.95,498,1,2,"MNAR(e), g1=3"
"Naive",0.0476190476190476,1,529,1,3,"MNAR(e), g1=3"
"Naive",0.136363636363636,0.95,506,1,4,"MNAR(e), g1=3"
"Naive",0,0.65,483,1,5,"MNAR(e), g1=3"
"Naive",0.130434782608696,1,480,1,6,"MNAR(e), g1=3"
"Naive",0.130434782608696,1,531,1,7,"MNAR(e), g1=3"
"Naive",0.0909090909090909,1,507,1,8,"MNAR(e), g1=3"
"Naive",0.0476190476190476,1,525,1,9,"MNAR(e), g1=3"
"Naive",0.0909090909090909,1,474,1,10,"MNAR(e), g1=3"
"Naive",0,1,492,1,11,"MNAR(e), g1=3"
"Naive",0.05,0.95,519,1,12,"MNAR(e), g1=3"
"Naive",0.05,0.95,519,1,13,"MNAR(e), g1=3"
"Naive",0.354838709677419,1,486,1,14,"MNAR(e), g1=3"
"Naive",0.130434782608696,1,498,1,15,"MNAR(e), g1=3"
"Naive",0.0476190476190476,1,493,1,16,"MNAR(e), g1=3"
"Naive",0.05,0.95,510,1,17,"MNAR(e), g1=3"
"Naive",0.0476190476190476,1,489,1,18,"MNAR(e), g1=3"
"Naive",0.0476190476190476,1,495,1,19,"MNAR(e), g1=3"
"Naive",0.2,1,508,1,20,"MNAR(e), g1=3"
"Naive",0.05,0.95,485,1,21,"MNAR(e), g1=3"
"Naive",0.0909090909090909,1,508,1,22,"MNAR(e), g1=3"
"Naive",0.05,0.95,487,1,23,"MNAR(e), g1=3"
"Naive",0.0952380952380952,0.95,477,1,24,"MNAR(e), g1=3"
"Naive",0.2,1,494,1,25,"MNAR(e), g1=3"
"Naive",0.181818181818182,0.9,494,1,26,"MNAR(e), g1=3"
"Naive",0.0952380952380952,0.95,509,1,27,"MNAR(e), g1=3"
"Naive",0.136363636363636,0.95,500,1,28,"MNAR(e), g1=3"
"Naive",0.387096774193548,0.95,485,1,29,"MNAR(e), g1=3"
"Naive",0,0,489,1,30,"MNAR(e), g1=3"
"Naive",0,0.65,484,1,31,"MNAR(e), g1=3"
"Naive",0.333333333333333,1,511,1,32,"MNAR(e), g1=3"
"Naive",0.05,0.95,504,1,33,"MNAR(e), g1=3"
"Naive",0.0909090909090909,1,512,1,34,"MNAR(e), g1=3"
"Naive",0,1,504,1,35,"MNAR(e), g1=3"
"Naive",0.136363636363636,0.95,507,1,36,"MNAR(e), g1=3"
"Naive",0,1,523,1,37,"MNAR(e), g1=3"
"Naive",0.0909090909090909,1,507,1,38,"MNAR(e), g1=3"
"Naive",0,1,517,1,39,"MNAR(e), g1=3"
"Naive",0.2,1,478,1,40,"MNAR(e), g1=3"
"Naive",0.05,0.95,513,1,41,"MNAR(e), g1=3"
"Naive",0.0909090909090909,1,465,1,42,"MNAR(e), g1=3"
"Naive",0,0,526,1,43,"MNAR(e), g1=3"
"Naive",0.0909090909090909,1,523,1,44,"MNAR(e), g1=3"
"Naive",0.130434782608696,1,463,1,45,"MNAR(e), g1=3"
"Naive",0.130434782608696,1,499,1,1,"MNAR(Y), g1=1"
"Naive",0.136363636363636,0.95,505,1,2,"MNAR(Y), g1=1"
"Naive",0.166666666666667,1,473,1,3,"MNAR(Y), g1=1"
"Naive",0,0.95,481,1,4,"MNAR(Y), g1=1"
"Naive",0.136363636363636,0.95,498,1,5,"MNAR(Y), g1=1"
"Naive",0,0.5,462,1,6,"MNAR(Y), g1=1"
"Naive",0.05,0.95,481,1,7,"MNAR(Y), g1=1"
"Naive",0,0,508,1,8,"MNAR(Y), g1=1"
"Naive",0.0952380952380952,0.95,485,1,9,"MNAR(Y), g1=1"
"Naive",0,1,520,1,10,"MNAR(Y), g1=1"
"Naive",0,0,498,1,11,"MNAR(Y), g1=1"
"Naive",0,0.65,503,1,12,"MNAR(Y), g1=1"
"Naive",0.166666666666667,1,494,1,13,"MNAR(Y), g1=1"
"Naive",0,1,515,1,14,"MNAR(Y), g1=1"
"Naive",0.0476190476190476,1,519,1,15,"MNAR(Y), g1=1"
"Naive",0,1,498,1,16,"MNAR(Y), g1=1"
"Naive",0,1,512,1,17,"MNAR(Y), g1=1"
"Naive",0.2,1,486,1,18,"MNAR(Y), g1=1"
"Naive",0.0476190476190476,1,512,1,19,"MNAR(Y), g1=1"
"Naive",0.166666666666667,1,504,1,20,"MNAR(Y), g1=1"
"Naive",0,0.85,501,1,21,"MNAR(Y), g1=1"
"Naive",0,0.9,507,1,22,"MNAR(Y), g1=1"
"Naive",0.0476190476190476,1,494,1,23,"MNAR(Y), g1=1"
"Naive",0,0,495,1,24,"MNAR(Y), g1=1"
"Naive",0.2,1,494,1,25,"MNAR(Y), g1=1"
"Naive",0.0909090909090909,1,507,1,26,"MNAR(Y), g1=1"
"Naive",0.0476190476190476,1,512,1,27,"MNAR(Y), g1=1"
"Naive",0,0.8,488,1,28,"MNAR(Y), g1=1"
"Naive",0,0.95,510,1,29,"MNAR(Y), g1=1"
"Naive",0,0.9,504,1,30,"MNAR(Y), g1=1"
"Naive",0,1,511,1,31,"MNAR(Y), g1=1"
"Naive",0,1,490,1,32,"MNAR(Y), g1=1"
"Naive",0,0.75,493,1,33,"MNAR(Y), g1=1"
"Naive",0,1,508,1,34,"MNAR(Y), g1=1"
"Naive",0.0909090909090909,1,498,1,35,"MNAR(Y), g1=1"
"Naive",0,0.75,524,1,36,"MNAR(Y), g1=1"
"Naive",0.136363636363636,0.95,515,1,37,"MNAR(Y), g1=1"
"Naive",0.05,0.95,505,1,38,"MNAR(Y), g1=1"
"Naive",0.130434782608696,1,492,1,39,"MNAR(Y), g1=1"
"Naive",0,0.75,512,1,40,"MNAR(Y), g1=1"
"Naive",0.05,0.95,514,1,41,"MNAR(Y), g1=1"
"Naive",0,0.95,480,1,42,"MNAR(Y), g1=1"
"Naive",0.0476190476190476,1,509,1,43,"MNAR(Y), g1=1"
"Naive",0.2,1,509,1,44,"MNAR(Y), g1=1"
"Naive",0,0.85,523,1,45,"MNAR(Y), g1=1"
"Naive",0,1,503,1.5,1,"Non-informative"
"Naive",0,1,513,1.5,2,"Non-informative"
"Naive",0.0476190476190476,1,499,1.5,3,"Non-informative"
"Naive",0.0476190476190476,1,518,1.5,4,"Non-informative"
"Naive",0.0909090909090909,1,482,1.5,5,"Non-informative"
"Naive",0.0909090909090909,1,509,1.5,6,"Non-informative"
"Naive",0,1,514,1.5,7,"Non-informative"
"Naive",0,1,514,1.5,8,"Non-informative"
"Naive",0,1,489,1.5,9,"Non-informative"
"Naive",0.0909090909090909,1,487,1.5,10,"Non-informative"
"Naive",0,0.8,455,1.5,11,"Non-informative"
"Naive",0.411764705882353,1,522,1.5,12,"Non-informative"
"Naive",0,0.6,507,1.5,13,"Non-informative"
"Naive",0,0,521,1.5,14,"Non-informative"
"Naive",0,1,503,1.5,15,"Non-informative"
"Naive",0.166666666666667,1,480,1.5,16,"Non-informative"
"Naive",0,1,551,1.5,17,"Non-informative"
"Naive",0,1,515,1.5,18,"Non-informative"
"Naive",0.166666666666667,1,499,1.5,19,"Non-informative"
"Naive",0.0909090909090909,1,509,1.5,20,"Non-informative"
"Naive",0,0.55,497,1.5,21,"Non-informative"
"Naive",0,1,537,1.5,22,"Non-informative"
"Naive",0.05,0.95,504,1.5,23,"Non-informative"
"Naive",0,1,493,1.5,24,"Non-informative"
"Naive",0.0476190476190476,1,490,1.5,25,"Non-informative"
"Naive",0,0,504,1.5,26,"Non-informative"
"Naive",0.0476190476190476,1,523,1.5,27,"Non-informative"
"Naive",0.230769230769231,1,522,1.5,28,"Non-informative"
"Naive",0.0476190476190476,1,512,1.5,29,"Non-informative"
"Naive",0,0.5,450,1.5,30,"Non-informative"
"Naive",0.173913043478261,0.95,495,1.5,31,"Non-informative"
"Naive",0,0,517,1.5,32,"Non-informative"
"Naive",0.0476190476190476,1,492,1.5,33,"Non-informative"
"Naive",0.0909090909090909,1,478,1.5,34,"Non-informative"
"Naive",0.130434782608696,1,486,1.5,35,"Non-informative"
"Naive",0.130434782608696,1,473,1.5,36,"Non-informative"
"Naive",0.0909090909090909,1,491,1.5,37,"Non-informative"
"Naive",0.0952380952380952,0.95,514,1.5,38,"Non-informative"
"Naive",0.130434782608696,1,469,1.5,39,"Non-informative"
"Naive",0.0952380952380952,0.95,517,1.5,40,"Non-informative"
"Naive",0.0909090909090909,1,513,1.5,41,"Non-informative"
"Naive",0,1,487,1.5,42,"Non-informative"
"Naive",0.0909090909090909,1,485,1.5,43,"Non-informative"
"Naive",0,0,490,1.5,44,"Non-informative"
"Naive",0.0476190476190476,1,518,1.5,45,"Non-informative"
"Naive",0.0909090909090909,1,512,1.5,1,"MNAR(e), g1=3"
"Naive",0.0909090909090909,1,516,1.5,2,"MNAR(e), g1=3"
"Naive",0,0,516,1.5,3,"MNAR(e), g1=3"
"Naive",0.0476190476190476,1,477,1.5,4,"MNAR(e), g1=3"
"Naive",0,0,520,1.5,5,"MNAR(e), g1=3"
"Naive",0.173913043478261,0.95,504,1.5,6,"MNAR(e), g1=3"
"Naive",0.230769230769231,1,486,1.5,7,"MNAR(e), g1=3"
"Naive",0.130434782608696,1,523,1.5,8,"MNAR(e), g1=3"
"Naive",0.0909090909090909,1,497,1.5,9,"MNAR(e), g1=3"
"Naive",0.166666666666667,1,497,1.5,10,"MNAR(e), g1=3"
"Naive",0.0476190476190476,1,492,1.5,11,"MNAR(e), g1=3"
"Naive",0,1,482,1.5,12,"MNAR(e), g1=3"
"Naive",0.05,0.95,520,1.5,13,"MNAR(e), g1=3"
"Naive",0.0909090909090909,1,509,1.5,14,"MNAR(e), g1=3"
"Naive",0.130434782608696,1,492,1.5,15,"MNAR(e), g1=3"
"Naive",0.173913043478261,0.95,491,1.5,16,"MNAR(e), g1=3"
"Naive",0.166666666666667,1,496,1.5,17,"MNAR(e), g1=3"
"Naive",0,1,486,1.5,18,"MNAR(e), g1=3"
"Naive",0,1,519,1.5,19,"MNAR(e), g1=3"
"Naive",0.0952380952380952,0.95,462,1.5,20,"MNAR(e), g1=3"
"Naive",0.166666666666667,1,489,1.5,21,"MNAR(e), g1=3"
"Naive",0.0952380952380952,0.95,505,1.5,22,"MNAR(e), g1=3"
"Naive",0.0952380952380952,0.95,502,1.5,23,"MNAR(e), g1=3"
"Naive",0.166666666666667,1,501,1.5,24,"MNAR(e), g1=3"
"Naive",0.166666666666667,1,520,1.5,25,"MNAR(e), g1=3"
"Naive",0.130434782608696,1,472,1.5,26,"MNAR(e), g1=3"
"Naive",0.366666666666667,0.95,491,1.5,27,"MNAR(e), g1=3"
"Naive",0,0,500,1.5,28,"MNAR(e), g1=3"
"Naive",0,0.75,508,1.5,29,"MNAR(e), g1=3"
"Naive",0,1,469,1.5,30,"MNAR(e), g1=3"
"Naive",0.2,1,496,1.5,31,"MNAR(e), g1=3"
"Naive",0.136363636363636,0.95,509,1.5,32,"MNAR(e), g1=3"
"Naive",0.05,0.95,497,1.5,33,"MNAR(e), g1=3"
"Naive",0,0.85,496,1.5,34,"MNAR(e), g1=3"
"Naive",0.130434782608696,1,496,1.5,35,"MNAR(e), g1=3"
"Naive",0.0952380952380952,0.95,494,1.5,36,"MNAR(e), g1=3"
"Naive",0.130434782608696,1,480,1.5,37,"MNAR(e), g1=3"
"Naive",0,0,487,1.5,38,"MNAR(e), g1=3"
"Naive",0,0,495,1.5,39,"MNAR(e), g1=3"
"Naive",0.166666666666667,1,511,1.5,40,"MNAR(e), g1=3"
"Naive",0,1,507,1.5,41,"MNAR(e), g1=3"
"Naive",0.0476190476190476,1,480,1.5,42,"MNAR(e), g1=3"
"Naive",0,0,486,1.5,43,"MNAR(e), g1=3"
"Naive",0,0,495,1.5,44,"MNAR(e), g1=3"
"Naive",0.0476190476190476,1,487,1.5,45,"MNAR(e), g1=3"
"Naive",0,0.9,489,1.5,1,"MNAR(Y), g1=1"
"Naive",0.130434782608696,1,501,1.5,2,"MNAR(Y), g1=1"
"Naive",0,0.6,496,1.5,3,"MNAR(Y), g1=1"
"Naive",0.136363636363636,0.95,512,1.5,4,"MNAR(Y), g1=1"
"Naive",0.0952380952380952,0.95,491,1.5,5,"MNAR(Y), g1=1"
"Naive",0.24,0.95,508,1.5,6,"MNAR(Y), g1=1"
"Naive",0,1,494,1.5,7,"MNAR(Y), g1=1"
"Naive",0,0.95,512,1.5,8,"MNAR(Y), g1=1"
"Naive",0.2,1,503,1.5,9,"MNAR(Y), g1=1"
"Naive",0,0,485,1.5,10,"MNAR(Y), g1=1"
"Naive",0.130434782608696,1,511,1.5,11,"MNAR(Y), g1=1"
"Naive",0,0,500,1.5,12,"MNAR(Y), g1=1"
"Naive",0,0.9,493,1.5,13,"MNAR(Y), g1=1"
"Naive",0,0,513,1.5,14,"MNAR(Y), g1=1"
"Naive",0,0,509,1.5,15,"MNAR(Y), g1=1"
"Naive",0.05,0.95,493,1.5,16,"MNAR(Y), g1=1"
"Naive",0,1,504,1.5,17,"MNAR(Y), g1=1"
"Naive",0.0952380952380952,0.95,511,1.5,18,"MNAR(Y), g1=1"
"Naive",0,1,489,1.5,19,"MNAR(Y), g1=1"
"Naive",0.0952380952380952,0.95,505,1.5,20,"MNAR(Y), g1=1"
"Naive",0,0,497,1.5,21,"MNAR(Y), g1=1"
"Naive",0,0.55,511,1.5,22,"MNAR(Y), g1=1"
"Naive",0,0.8,499,1.5,23,"MNAR(Y), g1=1"
"Naive",0.0476190476190476,1,491,1.5,24,"MNAR(Y), g1=1"
"Naive",0.130434782608696,1,488,1.5,25,"MNAR(Y), g1=1"
"Naive",0,0,521,1.5,26,"MNAR(Y), g1=1"
"Naive",0.136363636363636,0.95,498,1.5,27,"MNAR(Y), g1=1"
"Naive",0,0.75,526,1.5,28,"MNAR(Y), g1=1"
"Naive",0,1,512,1.5,29,"MNAR(Y), g1=1"
"Naive",0,1,507,1.5,30,"MNAR(Y), g1=1"
"Naive",0,0,506,1.5,31,"MNAR(Y), g1=1"
"Naive",0.375,1,508,1.5,32,"MNAR(Y), g1=1"
"Naive",0,0.6,512,1.5,33,"MNAR(Y), g1=1"
"Naive",0.296296296296296,0.95,497,1.5,34,"MNAR(Y), g1=1"
"Naive",0.166666666666667,1,506,1.5,35,"MNAR(Y), g1=1"
"Naive",0,1,483,1.5,36,"MNAR(Y), g1=1"
"Naive",0.0909090909090909,1,493,1.5,37,"MNAR(Y), g1=1"
"Naive",0.0476190476190476,1,508,1.5,38,"MNAR(Y), g1=1"
"Naive",0.173913043478261,0.95,493,1.5,39,"MNAR(Y), g1=1"
"Naive",0.2,1,503,1.5,40,"MNAR(Y), g1=1"
"Naive",0.173913043478261,0.95,503,1.5,41,"MNAR(Y), g1=1"
"Naive",0.0909090909090909,1,498,1.5,42,"MNAR(Y), g1=1"
"Naive",0.166666666666667,1,494,1.5,43,"MNAR(Y), g1=1"
"Naive",0.05,0.95,510,1.5,44,"MNAR(Y), g1=1"
"Naive",0,0.55,504,1.5,45,"MNAR(Y), g1=1"
"Naive",0.0476190476190476,1,527,2,1,"Non-informative"
"Naive",0,0.8,472,2,2,"Non-informative"
"Naive",0.166666666666667,1,490,2,3,"Non-informative"
"Naive",0,0.9,476,2,4,"Non-informative"
"Naive",0,0.9,537,2,5,"Non-informative"
"Naive",0,0.6,514,2,6,"Non-informative"
"Naive",0.05,0.95,493,2,7,"Non-informative"
"Naive",0,0,512,2,8,"Non-informative"
"Naive",0,0,520,2,9,"Non-informative"
"Naive",0.0476190476190476,1,542,2,10,"Non-informative"
"Naive",0.0476190476190476,1,496,2,11,"Non-informative"
"Naive",0,0.8,500,2,12,"Non-informative"
"Naive",0,0,480,2,13,"Non-informative"
"Naive",0.05,0.95,499,2,14,"Non-informative"
"Naive",0,0,519,2,15,"Non-informative"
"Naive",0,1,470,2,16,"Non-informative"
"Naive",0.0909090909090909,1,504,2,17,"Non-informative"
"Naive",0,1,505,2,18,"Non-informative"
"Naive",0,0.95,505,2,19,"Non-informative"
"Naive",0.0909090909090909,1,476,2,20,"Non-informative"
"Naive",0.0476190476190476,1,522,2,21,"Non-informative"
"Naive",0.0476190476190476,1,489,2,22,"Non-informative"
"Naive",0.166666666666667,1,522,2,23,"Non-informative"
"Naive",0,0.95,539,2,24,"Non-informative"
"Naive",0.230769230769231,1,524,2,25,"Non-informative"
"Naive",0.2,1,507,2,26,"Non-informative"
"Naive",0,1,534,2,27,"Non-informative"
"Naive",0.2,1,493,2,28,"Non-informative"
"Naive",0.0476190476190476,1,475,2,29,"Non-informative"
"Naive",0.0476190476190476,1,469,2,30,"Non-informative"
"Naive",0.0909090909090909,1,524,2,31,"Non-informative"
"Naive",0.0909090909090909,1,516,2,32,"Non-informative"
"Naive",0.0476190476190476,1,549,2,33,"Non-informative"
"Naive",0.0909090909090909,1,497,2,34,"Non-informative"
"Naive",0.130434782608696,1,516,2,35,"Non-informative"
"Naive",0,0,495,2,36,"Non-informative"
"Naive",0.0476190476190476,1,438,2,37,"Non-informative"
"Naive",0.0909090909090909,1,493,2,38,"Non-informative"
"Naive",0.0476190476190476,1,513,2,39,"Non-informative"
"Naive",0,0.9,475,2,40,"Non-informative"
"Naive",0,0.75,476,2,41,"Non-informative"
"Naive",0,0,495,2,42,"Non-informative"
"Naive",0.130434782608696,1,507,2,43,"Non-informative"
"Naive",0.0476190476190476,1,483,2,44,"Non-informative"
"Naive",0.05,0.95,509,2,45,"Non-informative"
"Naive",0,1,489,2,1,"MNAR(e), g1=3"
"Naive",0.166666666666667,1,493,2,2,"MNAR(e), g1=3"
"Naive",0,0,500,2,3,"MNAR(e), g1=3"
"Naive",0.0909090909090909,1,494,2,4,"MNAR(e), g1=3"
"Naive",0.0909090909090909,1,492,2,5,"MNAR(e), g1=3"
"Naive",0.0909090909090909,1,519,2,6,"MNAR(e), g1=3"
"Naive",0.0952380952380952,0.95,506,2,7,"MNAR(e), g1=3"
"Naive",0.05,0.95,495,2,8,"MNAR(e), g1=3"
"Naive",0.2,1,509,2,9,"MNAR(e), g1=3"
"Naive",0.2,1,484,2,10,"MNAR(e), g1=3"
"Naive",0,1,519,2,11,"MNAR(e), g1=3"
"Naive",0.0909090909090909,1,494,2,12,"MNAR(e), g1=3"
"Naive",0.0909090909090909,1,504,2,13,"MNAR(e), g1=3"
"Naive",0.0909090909090909,1,485,2,14,"MNAR(e), g1=3"
"Naive",0,0.6,482,2,15,"MNAR(e), g1=3"
"Naive",0.2,1,484,2,16,"MNAR(e), g1=3"
"Naive",0.0909090909090909,1,492,2,17,"MNAR(e), g1=3"
"Naive",0.0909090909090909,1,515,2,18,"MNAR(e), g1=3"
"Naive",0,0,508,2,19,"MNAR(e), g1=3"
"Naive",0,1,524,2,20,"MNAR(e), g1=3"
"Naive",0.166666666666667,1,507,2,21,"MNAR(e), g1=3"
"Naive",0,0.55,486,2,22,"MNAR(e), g1=3"
"Naive",0.130434782608696,1,497,2,23,"MNAR(e), g1=3"
"Naive",0.0476190476190476,1,486,2,24,"MNAR(e), g1=3"
"Naive",0.0909090909090909,1,503,2,25,"MNAR(e), g1=3"
"Naive",0,1,494,2,26,"MNAR(e), g1=3"
"Naive",0.285714285714286,1,486,2,27,"MNAR(e), g1=3"
"Naive",0.0476190476190476,1,518,2,28,"MNAR(e), g1=3"
"Naive",0.136363636363636,0.95,501,2,29,"MNAR(e), g1=3"
"Naive",0.0476190476190476,1,465,2,30,"MNAR(e), g1=3"
"Naive",0.166666666666667,1,498,2,31,"MNAR(e), g1=3"
"Naive",0,1,489,2,32,"MNAR(e), g1=3"
"Naive",0,0.75,485,2,33,"MNAR(e), g1=3"
"Naive",0.230769230769231,1,514,2,34,"MNAR(e), g1=3"
"Naive",0.2,1,511,2,35,"MNAR(e), g1=3"
"Naive",0.0476190476190476,1,530,2,36,"MNAR(e), g1=3"
"Naive",0.0476190476190476,1,490,2,37,"MNAR(e), g1=3"
"Naive",0,0.75,476,2,38,"MNAR(e), g1=3"
"Naive",0.05,0.95,483,2,39,"MNAR(e), g1=3"
"Naive",0.05,0.95,484,2,40,"MNAR(e), g1=3"
"Naive",0.166666666666667,1,517,2,41,"MNAR(e), g1=3"
"Naive",0.05,0.95,501,2,42,"MNAR(e), g1=3"
"Naive",0,1,501,2,43,"MNAR(e), g1=3"
"Naive",0.2,1,520,2,44,"MNAR(e), g1=3"
"Naive",0.2,1,504,2,45,"MNAR(e), g1=3"
"Naive",0.130434782608696,1,489,2,1,"MNAR(Y), g1=1"
"Naive",0,0.55,507,2,2,"MNAR(Y), g1=1"
"Naive",0.0952380952380952,0.95,489,2,3,"MNAR(Y), g1=1"
"Naive",0.05,0.95,492,2,4,"MNAR(Y), g1=1"
"Naive",0.0476190476190476,1,512,2,5,"MNAR(Y), g1=1"
"Naive",0.0909090909090909,1,496,2,6,"MNAR(Y), g1=1"
"Naive",0,0.7,519,2,7,"MNAR(Y), g1=1"
"Naive",0.130434782608696,1,495,2,8,"MNAR(Y), g1=1"
"Naive",0.375,1,489,2,9,"MNAR(Y), g1=1"
"Naive",0,0,506,2,10,"MNAR(Y), g1=1"
"Naive",0,1,510,2,11,"MNAR(Y), g1=1"
"Naive",0.05,0.95,514,2,12,"MNAR(Y), g1=1"
"Naive",0,0,501,2,13,"MNAR(Y), g1=1"
"Naive",0.05,0.95,515,2,14,"MNAR(Y), g1=1"
"Naive",0.166666666666667,1,496,2,15,"MNAR(Y), g1=1"
"Naive",0.0952380952380952,0.95,501,2,16,"MNAR(Y), g1=1"
"Naive",0,0.7,488,2,17,"MNAR(Y), g1=1"
"Naive",0,0.6,494,2,18,"MNAR(Y), g1=1"
"Naive",0.0476190476190476,1,514,2,19,"MNAR(Y), g1=1"
"Naive",0.0476190476190476,1,507,2,20,"MNAR(Y), g1=1"
"Naive",0,0,504,2,21,"MNAR(Y), g1=1"
"Naive",0.0952380952380952,0.95,515,2,22,"MNAR(Y), g1=1"
"Naive",0.393939393939394,1,507,2,23,"MNAR(Y), g1=1"
"Naive",0.130434782608696,1,472,2,24,"MNAR(Y), g1=1"
"Naive",0,0,513,2,25,"MNAR(Y), g1=1"
"Naive",0,0.8,494,2,26,"MNAR(Y), g1=1"
"Naive",0.166666666666667,1,496,2,27,"MNAR(Y), g1=1"
"Naive",0,0,506,2,28,"MNAR(Y), g1=1"
"Naive",0.0476190476190476,1,500,2,29,"MNAR(Y), g1=1"
"Naive",0,0.65,501,2,30,"MNAR(Y), g1=1"
"Naive",0.130434782608696,1,497,2,31,"MNAR(Y), g1=1"
"Naive",0.0476190476190476,1,519,2,32,"MNAR(Y), g1=1"
"Naive",0,0,480,2,33,"MNAR(Y), g1=1"
"Naive",0,1,512,2,34,"MNAR(Y), g1=1"
"Naive",0.05,0.95,498,2,35,"MNAR(Y), g1=1"
"Naive",0.0476190476190476,1,495,2,36,"MNAR(Y), g1=1"
"Naive",0.230769230769231,1,512,2,37,"MNAR(Y), g1=1"
"Naive",0.05,0.95,488,2,38,"MNAR(Y), g1=1"
"Naive",0,0.9,510,2,39,"MNAR(Y), g1=1"
"Naive",0.259259259259259,1,503,2,40,"MNAR(Y), g1=1"
"Naive",0.05,0.95,493,2,41,"MNAR(Y), g1=1"
"Naive",0.05,0.95,501,2,42,"MNAR(Y), g1=1"
"Naive",0,0.6,503,2,43,"MNAR(Y), g1=1"
"Naive",0,0.6,496,2,44,"MNAR(Y), g1=1"
"Naive",0.130434782608696,1,502,2,45,"MNAR(Y), g1=1"
"Naive",0.0909090909090909,1,462,2.5,1,"Non-informative"
"Naive",0.0476190476190476,1,517,2.5,2,"Non-informative"
"Naive",0.05,0.95,486,2.5,3,"Non-informative"
"Naive",0.130434782608696,1,503,2.5,4,"Non-informative"
"Naive",0,0,487,2.5,5,"Non-informative"
"Naive",0,1,512,2.5,6,"Non-informative"
"Naive",0.0909090909090909,1,494,2.5,7,"Non-informative"
"Naive",0.0476190476190476,1,482,2.5,8,"Non-informative"
"Naive",0,0.95,519,2.5,9,"Non-informative"
"Naive",0.0909090909090909,1,545,2.5,10,"Non-informative"
"Naive",0,0.65,500,2.5,11,"Non-informative"
"Naive",0.230769230769231,1,514,2.5,12,"Non-informative"
"Naive",0.230769230769231,1,485,2.5,13,"Non-informative"
"Naive",0,0.5,494,2.5,14,"Non-informative"
"Naive",0,1,521,2.5,15,"Non-informative"
"Naive",0.259259259259259,1,504,2.5,16,"Non-informative"
"Naive",0.230769230769231,1,510,2.5,17,"Non-informative"
"Naive",0,1,521,2.5,18,"Non-informative"
"Naive",0,0,500,2.5,19,"Non-informative"
"Naive",0.2,1,524,2.5,20,"Non-informative"
"Naive",0.0952380952380952,0.95,529,2.5,21,"Non-informative"
"Naive",0,0.65,483,2.5,22,"Non-informative"
"Naive",0.0476190476190476,1,492,2.5,23,"Non-informative"
"Naive",0.0476190476190476,1,541,2.5,24,"Non-informative"
"Naive",0.0909090909090909,1,469,2.5,25,"Non-informative"
"Naive",0,0.55,477,2.5,26,"Non-informative"
"Naive",0,0.5,548,2.5,27,"Non-informative"
"Naive",0,1,515,2.5,28,"Non-informative"
"Naive",0.0476190476190476,1,513,2.5,29,"Non-informative"
"Naive",0.166666666666667,1,527,2.5,30,"Non-informative"
"Naive",0,0.8,502,2.5,31,"Non-informative"
"Naive",0,0.95,511,2.5,32,"Non-informative"
"Naive",0.0476190476190476,1,504,2.5,33,"Non-informative"
"Naive",0,1,481,2.5,34,"Non-informative"
"Naive",0.2,1,488,2.5,35,"Non-informative"
"Naive",0,1,497,2.5,36,"Non-informative"
"Naive",0,0.55,534,2.5,37,"Non-informative"
"Naive",0,0,460,2.5,38,"Non-informative"
"Naive",0.130434782608696,1,494,2.5,39,"Non-informative"
"Naive",0.0476190476190476,1,523,2.5,40,"Non-informative"
"Naive",0.259259259259259,1,513,2.5,41,"Non-informative"
"Naive",0.310344827586207,1,537,2.5,42,"Non-informative"
"Naive",0.130434782608696,1,494,2.5,43,"Non-informative"
"Naive",0,1,486,2.5,44,"Non-informative"
"Naive",0.0909090909090909,1,503,2.5,45,"Non-informative"
"Naive",0.166666666666667,1,518,2.5,1,"MNAR(e), g1=3"
"Naive",0.0476190476190476,1,495,2.5,2,"MNAR(e), g1=3"
"Naive",0.130434782608696,1,489,2.5,3,"MNAR(e), g1=3"
"Naive",0.05,0.95,491,2.5,4,"MNAR(e), g1=3"
"Naive",0,0.5,486,2.5,5,"MNAR(e), g1=3"
"Naive",0.130434782608696,1,509,2.5,6,"MNAR(e), g1=3"
"Naive",0.2,1,494,2.5,7,"MNAR(e), g1=3"
"Naive",0.166666666666667,1,524,2.5,8,"MNAR(e), g1=3"
"Naive",0.0909090909090909,1,510,2.5,9,"MNAR(e), g1=3"
"Naive",0.387096774193548,0.95,503,2.5,10,"MNAR(e), g1=3"
"Naive",0,1,485,2.5,11,"MNAR(e), g1=3"
"Naive",0.230769230769231,1,477,2.5,12,"MNAR(e), g1=3"
"Naive",0.366666666666667,0.95,503,2.5,13,"MNAR(e), g1=3"
"Naive",0.130434782608696,1,478,2.5,14,"MNAR(e), g1=3"
"Naive",0.0476190476190476,1,500,2.5,15,"MNAR(e), g1=3"
"Naive",0,0.6,490,2.5,16,"MNAR(e), g1=3"
"Naive",0.166666666666667,1,518,2.5,17,"MNAR(e), g1=3"
"Naive",0,0,517,2.5,18,"MNAR(e), g1=3"
"Naive",0,1,477,2.5,19,"MNAR(e), g1=3"
"Naive",0.130434782608696,1,475,2.5,20,"MNAR(e), g1=3"
"Naive",0.230769230769231,1,489,2.5,21,"MNAR(e), g1=3"
"Naive",0.130434782608696,1,482,2.5,22,"MNAR(e), g1=3"
"Naive",0,0.95,518,2.5,23,"MNAR(e), g1=3"
"Naive",0,0.5,504,2.5,24,"MNAR(e), g1=3"
"Naive",0.166666666666667,1,490,2.5,25,"MNAR(e), g1=3"
"Naive",0.259259259259259,1,510,2.5,26,"MNAR(e), g1=3"
"Naive",0,0.95,504,2.5,27,"MNAR(e), g1=3"
"Naive",0.166666666666667,1,494,2.5,28,"MNAR(e), g1=3"
"Naive",0.285714285714286,1,492,2.5,29,"MNAR(e), g1=3"
"Naive",0.0476190476190476,1,498,2.5,30,"MNAR(e), g1=3"
"Naive",0.0909090909090909,1,504,2.5,31,"MNAR(e), g1=3"
"Naive",0.130434782608696,1,522,2.5,32,"MNAR(e), g1=3"
"Naive",0.0909090909090909,1,489,2.5,33,"MNAR(e), g1=3"
"Naive",0.0909090909090909,1,511,2.5,34,"MNAR(e), g1=3"
"Naive",0.130434782608696,1,493,2.5,35,"MNAR(e), g1=3"
"Naive",0.130434782608696,1,513,2.5,36,"MNAR(e), g1=3"
"Naive",0,0,496,2.5,37,"MNAR(e), g1=3"
"Naive",0,0,488,2.5,38,"MNAR(e), g1=3"
"Naive",0,1,493,2.5,39,"MNAR(e), g1=3"
"Naive",0.130434782608696,1,485,2.5,40,"MNAR(e), g1=3"
"Naive",0.0476190476190476,1,462,2.5,41,"MNAR(e), g1=3"
"Naive",0.0909090909090909,1,504,2.5,42,"MNAR(e), g1=3"
"Naive",0.166666666666667,1,495,2.5,43,"MNAR(e), g1=3"
"Naive",0,0.95,552,2.5,44,"MNAR(e), g1=3"
"Naive",0.2,1,513,2.5,45,"MNAR(e), g1=3"
"Naive",0,0.85,528,2.5,1,"MNAR(Y), g1=1"
"Naive",0.0952380952380952,0.95,499,2.5,2,"MNAR(Y), g1=1"
"Naive",0.130434782608696,1,532,2.5,3,"MNAR(Y), g1=1"
"Naive",0,0.9,506,2.5,4,"MNAR(Y), g1=1"
"Naive",0,1,532,2.5,5,"MNAR(Y), g1=1"
"Naive",0,0.55,514,2.5,6,"MNAR(Y), g1=1"
"Naive",0,0.55,524,2.5,7,"MNAR(Y), g1=1"
"Naive",0,0.95,501,2.5,8,"MNAR(Y), g1=1"
"Naive",0,0,502,2.5,9,"MNAR(Y), g1=1"
"Naive",0.0952380952380952,0.95,517,2.5,10,"MNAR(Y), g1=1"
"Naive",0,1,521,2.5,11,"MNAR(Y), g1=1"
"Naive",0.05,0.95,531,2.5,12,"MNAR(Y), g1=1"
"Naive",0.0476190476190476,1,508,2.5,13,"MNAR(Y), g1=1"
"Naive",0,0.95,518,2.5,14,"MNAR(Y), g1=1"
"Naive",0.230769230769231,1,514,2.5,15,"MNAR(Y), g1=1"
"Naive",0,0,518,2.5,16,"MNAR(Y), g1=1"
"Naive",0.130434782608696,1,515,2.5,17,"MNAR(Y), g1=1"
"Naive",0.0909090909090909,1,524,2.5,18,"MNAR(Y), g1=1"
"Naive",0.0952380952380952,0.95,517,2.5,19,"MNAR(Y), g1=1"
"Naive",0,0.65,527,2.5,20,"MNAR(Y), g1=1"
"Naive",0,0.6,524,2.5,21,"MNAR(Y), g1=1"
"Naive",0,0.9,512,2.5,22,"MNAR(Y), g1=1"
"Naive",0,0.75,514,2.5,23,"MNAR(Y), g1=1"
"Naive",0.2,1,528,2.5,24,"MNAR(Y), g1=1"
"Naive",0.208333333333333,0.95,513,2.5,25,"MNAR(Y), g1=1"
"Naive",0.166666666666667,1,503,2.5,26,"MNAR(Y), g1=1"
"Naive",0.05,0.95,513,2.5,27,"MNAR(Y), g1=1"
"Naive",0,0.7,523,2.5,28,"MNAR(Y), g1=1"
"Naive",0,0,527,2.5,29,"MNAR(Y), g1=1"
"Naive",0,0,519,2.5,30,"MNAR(Y), g1=1"
"Naive",0.0476190476190476,1,521,2.5,31,"MNAR(Y), g1=1"
"Naive",0.166666666666667,1,511,2.5,32,"MNAR(Y), g1=1"
"Naive",0,0.75,519,2.5,33,"MNAR(Y), g1=1"
"Naive",0.173913043478261,0.95,513,2.5,34,"MNAR(Y), g1=1"
"Naive",0.2,1,514,2.5,35,"MNAR(Y), g1=1"
"Naive",0.166666666666667,1,520,2.5,36,"MNAR(Y), g1=1"
"Naive",0.208333333333333,0.95,512,2.5,37,"MNAR(Y), g1=1"
"Naive",0,0.8,506,2.5,38,"MNAR(Y), g1=1"
"Naive",0.05,0.95,510,2.5,39,"MNAR(Y), g1=1"
"Naive",0.173913043478261,0.95,519,2.5,40,"MNAR(Y), g1=1"
"Naive",0.173913043478261,0.95,529,2.5,41,"MNAR(Y), g1=1"
"Naive",0,0,513,2.5,42,"MNAR(Y), g1=1"
"Naive",0.2,1,520,2.5,43,"MNAR(Y), g1=1"
"Naive",0.136363636363636,0.95,515,2.5,44,"MNAR(Y), g1=1"
"Naive",0.2,1,513,2.5,45,"MNAR(Y), g1=1"
"Naive",0,1,497,3,1,"Non-informative"
"Naive",0.173913043478261,0.95,470,3,2,"Non-informative"
"Naive",0.0476190476190476,1,506,3,3,"Non-informative"
"Naive",0.0909090909090909,1,468,3,4,"Non-informative"
"Naive",0,0,499,3,5,"Non-informative"
"Naive",0,0.75,544,3,6,"Non-informative"
"Naive",0.0909090909090909,1,480,3,7,"Non-informative"
"Naive",0.0476190476190476,1,509,3,8,"Non-informative"
"Naive",0.173913043478261,0.95,511,3,9,"Non-informative"
"Naive",0,1,477,3,10,"Non-informative"
"Naive",0.05,0.95,455,3,11,"Non-informative"
"Naive",0,0,492,3,12,"Non-informative"
"Naive",0,0.8,508,3,13,"Non-informative"
"Naive",0,0,510,3,14,"Non-informative"
"Naive",0.0909090909090909,1,477,3,15,"Non-informative"
"Naive",0.05,0.95,516,3,16,"Non-informative"
"Naive",0,0,535,3,17,"Non-informative"
"Naive",0.130434782608696,1,539,3,18,"Non-informative"
"Naive",0.2,1,495,3,19,"Non-informative"
"Naive",0,0,499,3,20,"Non-informative"
"Naive",0,0.6,488,3,21,"Non-informative"
"Naive",0.05,0.95,490,3,22,"Non-informative"
"Naive",0.0909090909090909,1,494,3,23,"Non-informative"
"Naive",0.0476190476190476,1,517,3,24,"Non-informative"
"Naive",0.2,1,464,3,25,"Non-informative"
"Naive",0.230769230769231,1,510,3,26,"Non-informative"
"Naive",0,1,492,3,27,"Non-informative"
"Naive",0.0476190476190476,1,516,3,28,"Non-informative"
"Naive",0,0.75,508,3,29,"Non-informative"
"Naive",0.130434782608696,1,507,3,30,"Non-informative"
"Naive",0.166666666666667,1,519,3,31,"Non-informative"
"Naive",0,0,513,3,32,"Non-informative"
"Naive",0,0,482,3,33,"Non-informative"
"Naive",0.0476190476190476,1,503,3,34,"Non-informative"
"Naive",0.166666666666667,1,505,3,35,"Non-informative"
"Naive",0,0,473,3,36,"Non-informative"
"Naive",0.0476190476190476,1,502,3,37,"Non-informative"
"Naive",0.173913043478261,0.95,491,3,38,"Non-informative"
"Naive",0.05,0.95,476,3,39,"Non-informative"
"Naive",0.130434782608696,1,497,3,40,"Non-informative"
"Naive",0.0476190476190476,1,510,3,41,"Non-informative"
"Naive",0.130434782608696,1,496,3,42,"Non-informative"
"Naive",0.0476190476190476,1,519,3,43,"Non-informative"
"Naive",0.208333333333333,0.95,489,3,44,"Non-informative"
"Naive",0.0476190476190476,1,517,3,45,"Non-informative"
"Naive",0,0.8,502,3,1,"MNAR(e), g1=3"
"Naive",0.166666666666667,1,518,3,2,"MNAR(e), g1=3"
"Naive",0.166666666666667,1,496,3,3,"MNAR(e), g1=3"
"Naive",0.130434782608696,1,492,3,4,"MNAR(e), g1=3"
"Naive",0.0952380952380952,0.95,498,3,5,"MNAR(e), g1=3"
"Naive",0,0,460,3,6,"MNAR(e), g1=3"
"Naive",0,1,503,3,7,"MNAR(e), g1=3"
"Naive",0.259259259259259,1,516,3,8,"MNAR(e), g1=3"
"Naive",0.0476190476190476,1,505,3,9,"MNAR(e), g1=3"
"Naive",0.166666666666667,1,512,3,10,"MNAR(e), g1=3"
"Naive",0.166666666666667,1,483,3,11,"MNAR(e), g1=3"
"Naive",0.0476190476190476,1,525,3,12,"MNAR(e), g1=3"
"Naive",0.0909090909090909,1,503,3,13,"MNAR(e), g1=3"
"Naive",0.333333333333333,1,484,3,14,"MNAR(e), g1=3"
"Naive",0.136363636363636,0.95,511,3,15,"MNAR(e), g1=3"
"Naive",0,0.7,511,3,16,"MNAR(e), g1=3"
"Naive",0,0.95,489,3,17,"MNAR(e), g1=3"
"Naive",0.0909090909090909,1,491,3,18,"MNAR(e), g1=3"
"Naive",0,1,498,3,19,"MNAR(e), g1=3"
"Naive",0.0952380952380952,0.95,494,3,20,"MNAR(e), g1=3"
"Naive",0,0,506,3,21,"MNAR(e), g1=3"
"Naive",0.230769230769231,1,491,3,22,"MNAR(e), g1=3"
"Naive",0,1,490,3,23,"MNAR(e), g1=3"
"Naive",0.130434782608696,1,484,3,24,"MNAR(e), g1=3"
"Naive",0,0,506,3,25,"MNAR(e), g1=3"
"Naive",0.05,0.95,484,3,26,"MNAR(e), g1=3"
"Naive",0,0.85,499,3,27,"MNAR(e), g1=3"
"Naive",0.230769230769231,1,516,3,28,"MNAR(e), g1=3"
"Naive",0.05,0.95,521,3,29,"MNAR(e), g1=3"
"Naive",0.05,0.95,514,3,30,"MNAR(e), g1=3"
"Naive",0.0952380952380952,0.95,530,3,31,"MNAR(e), g1=3"
"Naive",0.0909090909090909,1,519,3,32,"MNAR(e), g1=3"
"Naive",0.136363636363636,0.95,479,3,33,"MNAR(e), g1=3"
"Naive",0,0,488,3,34,"MNAR(e), g1=3"
"Naive",0,0.6,509,3,35,"MNAR(e), g1=3"
"Naive",0.230769230769231,1,481,3,36,"MNAR(e), g1=3"
"Naive",0.130434782608696,1,487,3,37,"MNAR(e), g1=3"
"Naive",0.0909090909090909,1,509,3,38,"MNAR(e), g1=3"
"Naive",0.0952380952380952,0.95,471,3,39,"MNAR(e), g1=3"
"Naive",0.0909090909090909,1,504,3,40,"MNAR(e), g1=3"
"Naive",0.130434782608696,1,497,3,41,"MNAR(e), g1=3"
"Naive",0.130434782608696,1,486,3,42,"MNAR(e), g1=3"
"Naive",0.259259259259259,1,506,3,43,"MNAR(e), g1=3"
"Naive",0.393939393939394,1,478,3,44,"MNAR(e), g1=3"
"Naive",0,1,477,3,45,"MNAR(e), g1=3"
"Naive",0,0.9,738,3,1,"MNAR(Y), g1=1"
"Naive",0.05,0.95,730,3,2,"MNAR(Y), g1=1"
"Naive",0,1,723,3,3,"MNAR(Y), g1=1"
"Naive",0.2,1,729,3,4,"MNAR(Y), g1=1"
"Naive",0,0.85,734,3,5,"MNAR(Y), g1=1"
"Naive",0.0909090909090909,1,744,3,6,"MNAR(Y), g1=1"
"Naive",0.285714285714286,1,718,3,7,"MNAR(Y), g1=1"
"Naive",0.166666666666667,1,735,3,8,"MNAR(Y), g1=1"
"Naive",0,0.9,730,3,9,"MNAR(Y), g1=1"
"Naive",0,1,732,3,10,"MNAR(Y), g1=1"
"Naive",0.130434782608696,1,739,3,11,"MNAR(Y), g1=1"
"Naive",0.0909090909090909,1,719,3,12,"MNAR(Y), g1=1"
"Naive",0,1,736,3,13,"MNAR(Y), g1=1"
"Naive",0.0909090909090909,1,729,3,14,"MNAR(Y), g1=1"
"Naive",0.0909090909090909,1,729,3,15,"MNAR(Y), g1=1"
"Naive",0.2,1,735,3,16,"MNAR(Y), g1=1"
"Naive",0.136363636363636,0.95,733,3,17,"MNAR(Y), g1=1"
"Naive",0.130434782608696,1,740,3,18,"MNAR(Y), g1=1"
"Naive",0.0476190476190476,1,709,3,19,"MNAR(Y), g1=1"
"Naive",0.0909090909090909,1,747,3,20,"MNAR(Y), g1=1"
"Naive",0.354838709677419,1,750,3,21,"MNAR(Y), g1=1"
"Naive",0,0.95,742,3,22,"MNAR(Y), g1=1"
"Naive",0.0476190476190476,1,747,3,23,"MNAR(Y), g1=1"
"Naive",0,1,732,3,24,"MNAR(Y), g1=1"
"Naive",0.0909090909090909,1,736,3,25,"MNAR(Y), g1=1"
"Naive",0.0476190476190476,1,739,3,26,"MNAR(Y), g1=1"
"Naive",0,0.9,730,3,27,"MNAR(Y), g1=1"
"Naive",0,0.95,755,3,28,"MNAR(Y), g1=1"
"Naive",0,0.85,739,3,29,"MNAR(Y), g1=1"
"Naive",0,0.95,738,3,30,"MNAR(Y), g1=1"
"Naive",0.0476190476190476,1,725,3,31,"MNAR(Y), g1=1"
"Naive",0,1,735,3,32,"MNAR(Y), g1=1"
"Naive",0,1,727,3,33,"MNAR(Y), g1=1"
"Naive",0,1,728,3,34,"MNAR(Y), g1=1"
"Naive",0,1,742,3,35,"MNAR(Y), g1=1"
"Naive",0.0476190476190476,1,730,3,36,"MNAR(Y), g1=1"
"Naive",0.05,0.95,726,3,37,"MNAR(Y), g1=1"
"Naive",0.2,1,723,3,38,"MNAR(Y), g1=1"
"Naive",0,0.95,729,3,39,"MNAR(Y), g1=1"
"Naive",0.0476190476190476,1,740,3,40,"MNAR(Y), g1=1"
"Naive",0.0909090909090909,1,731,3,41,"MNAR(Y), g1=1"
"Naive",0,0.65,745,3,42,"MNAR(Y), g1=1"
"Naive",0,0.95,741,3,43,"MNAR(Y), g1=1"
"Naive",0,1,719,3,44,"MNAR(Y), g1=1"
"Naive",0.130434782608696,1,741,3,45,"MNAR(Y), g1=1"
